filename,overripe mango,ripe mango,unripe mango
27_png.rf.6e217dd8198e7bdccd5b816bfca9756a.jpg,0,0,1
IMG_20240904_090955_jpg.rf.475453a594553e2f38b452e9aefd0fe3.jpg,0,1,0
23_png.rf.1a746ed0bcafb723b422a531118c024b.jpg,0,0,1
WIN_20230323_14_34_54_Pro_jpg.rf.c52f78430f8c6247e6b3dff2568225cb.jpg,0,0,1
freshMango-112-_png.rf.e13c952075b6690fd89faef92a08a98d.jpg,0,1,0
IMG_20240908_075009_jpg.rf.012bf1ba74a5fbb4096c434405f96b25.jpg,0,1,0
IMG_20240904_090813_jpg.rf.4f6d5b277b0d00339616cf9e21bada62.jpg,0,1,0
Screenshot_45_png.rf.83d2abaeab17f05361900087f50f91ff.jpg,0,0,1
IMG_20240904_091000_jpg.rf.b5d17d99b8cc7077d8603cfd0eac0c06.jpg,0,1,0
IMG20240909204526_00_jpg.rf.5f52d6c2fbb37ce50a7570213aac4318.jpg,1,0,0
127_png.rf.127ce51fe3e7db7a69e9a5eab0ecbd73.jpg,0,0,1
IMG_20240904_091226_jpg.rf.a9c5a144c4496ead2213055860828b09.jpg,0,1,0
IMG20240909204538_00_jpg.rf.fe7c4ffd33ca37dcfb79b43abd9ac6fb.jpg,1,0,0
IMG_20240902_143557_194_jpg.rf.9dd32f7f9e062922f2bd142bcadd2cdd.jpg,0,1,0
1725423947240-4_jpg.rf.a327efec01abf4cf96b2b65d5d22cfb6.jpg,1,0,0
IMG_20240902_142656_433_jpg.rf.834c58f21f3d94a9036ac207b007814f.jpg,0,1,0
IMG20240909213534_00_jpg.rf.d0499e277daee321816fa61187c98cb0.jpg,1,0,0
131_png.rf.cdeee9b6ba493c1276f1ca8423e34351.jpg,0,0,1
22_png.rf.7e3a46fcfe31e79c6aea77d9259266a6.jpg,0,0,1
1725425188294_jpg.rf.6212f553dbfce488cd786f6851948355.jpg,1,0,0
IMG20240917105006_00_jpg.rf.de9aa8178cc3c4b4dab5cc22c30de0e7.jpg,1,0,0
20_png.rf.9dbb65e344fb62f3bb01fc226ef7ba01.jpg,0,0,1
1725423947240-3_jpg.rf.3b721ec05b5bf9bc1afaf99f2790c51f.jpg,1,0,0
28_png.rf.e2677a0b90da309e35d4c96645a74a30.jpg,0,0,1
1725344518072_jpg.rf.a3c0ba6a739c727f91aeec7819debd50.jpg,1,0,0
WIN_20230323_14_36_41_Pro_jpg.rf.76a87a9d8edd65806b3b03ce11c4c935.jpg,0,0,1
IMG_20240904_090947_jpg.rf.376119f105611690ed0499586b4f63b1.jpg,0,1,0
IMG_20240904_112239_082_jpg.rf.e30b9c2c229673cbc42b636df5ae3ca1.jpg,1,0,0
IMG20240917090313_00_jpg.rf.e7b5cd4c099efb2ce0cd209df8d40ec4.jpg,1,0,0
21_png.rf.08f38550520c03efc24c98005510051e.jpg,0,0,1
IMG_20240905_161409_083_jpg.rf.95970f7fd20a69310cf569dab20eb4e1.jpg,1,0,0
IMG_20240905_131454_jpg.rf.f4ea570fb57b1d367f19666989e27b0e.jpg,0,1,0
IMG20240917104446_00_jpg.rf.372a3c6b3e2acf170e2fa8ef49b54d24.jpg,1,0,0
freshMango-109-_png.rf.c00951a31e9244ae05c79ba32831c50f.jpg,0,1,0
freshMango-104-_png.rf.9e31021154ee2359bdd25789274b8d7a.jpg,0,1,0
25_png.rf.2866d8c0677957c5b8c22b12f91d7c8d.jpg,0,0,1
Screenshot_44_png.rf.b5a23f8e7a35bbf088c4df53fd79d1bc.jpg,0,0,1
IMG20240917103018_00_jpg.rf.cce75a2424fb90dedd5de3c979553d1c.jpg,1,0,0
WIN_20230323_14_40_13_Pro_jpg.rf.6feca595960774ab6e9fa7f50f945671.jpg,0,0,1
IMG_20240905_161406_944_jpg.rf.869a526869438e6224a59dde23d98953.jpg,1,0,0
freshMango-111-_png.rf.a087a69f4aeba224272a6d1c7e59f5a0.jpg,0,1,0
IMG_20240904_084450_jpg.rf.458ddf60920d3e88b400b1b1b0c7febc.jpg,0,1,0
IMG20240909195139_00_jpg.rf.f0dec6bc2dbaef8ddf18469c79ed9937.jpg,0,1,0
WIN_20230323_14_33_59_Pro_jpg.rf.dfd858fe05bac9f27a5649188398eb78.jpg,0,0,1
WIN_20230323_14_41_36_Pro_jpg.rf.dc0e2294f5fe82971bad2e73df34a61c.jpg,0,0,1
IMG_151_jpg.rf.10db5dc45a2d4e9660494d8dd89a7d3a.jpg,0,0,1
Screenshot_9_png.rf.f8772f69fa856e12396a69fb51863282.jpg,0,0,1
IMG_20240902_142703_935_jpg.rf.9daaba811841304aa765460febb76267.jpg,0,1,0
IMG_20240905_130938_jpg.rf.ae2accba8c453a9bbc117bcf8a1a03bd.jpg,0,1,0
WIN_20230323_14_44_03_Pro_jpg.rf.d9c9af4e65ba2f35f1b1f975b7b4d0b7.jpg,0,0,1
IMG_20240902_142653_766_jpg.rf.4b354b61705f45dd7ab0a789e45e45ea.jpg,0,1,0
freshMango-114-_png.rf.9f0cbe75f3380faca5f3c0b2c950f7fe.jpg,0,1,0
IMG_20240904_115840_570-3_jpg.rf.0f6a22b2295393cd510afb14f0209147.jpg,1,0,0
1725329064595_jpg.rf.c2199de72713832c3eb490be1686a00f.jpg,1,0,0
Screenshot_46_png.rf.61987d9d20ed9d6034f34fd7a6dcdd49.jpg,0,0,1
IMG_20240908_074949_jpg.rf.f20b2b8cef28b0bfe7ccb16d58c8e5d0.jpg,0,1,0
IMG_20240905_131345_jpg.rf.66702d5ac5f316b961bf4a91c39d24fa.jpg,0,1,0
IMG_20240908_074839_jpg.rf.3aefff6c74d5050617baa43d9f9bc9af.jpg,0,1,0
WIN_20230323_14_43_37_Pro_jpg.rf.1f4af992b5e0d63a300ada2dd12c236c.jpg,0,0,1
freshMango-110-_png.rf.cf7a378d0d0f442d5bf2ec1f93c60e95.jpg,0,1,0
IMG_20240908_075014_jpg.rf.1441640eda9a9e833b2e5145bad98933.jpg,0,1,0
WIN_20230323_14_43_42_Pro_jpg.rf.39c07be79be6ac14120a21aba66568c2.jpg,0,0,1
WIN_20230323_14_43_40_Pro_jpg.rf.fa6152631f0c4dcf54b72afb09c045f3.jpg,0,0,1
IMG20240909204535_00_jpg.rf.58c6d3535c2302120d76d4f975959c32.jpg,1,0,0
129_png.rf.a0e852a5a8255aab14712110544088d6.jpg,0,0,1
IMG_20240904_112246_545_jpg.rf.6aa6beb3a2455d1fa5d5354998ad1107.jpg,1,0,0
IMG20240909204726_00_jpg.rf.8a91996208dec127e73c44071529725a.jpg,1,0,0
IMG_20240904_091008_jpg.rf.d7b65557e17c23c7735b36a36db4b91d.jpg,0,1,0
IMG20240917103144_00_jpg.rf.6d470f261d9df8d86ec571238b59a7d4.jpg,1,0,0
IMG_20240902_143550_186_jpg.rf.167b4a8b3b9831467ff31135586edf30.jpg,0,1,0
WIN_20230323_14_42_15_Pro_jpg.rf.4d3079a4e9f23cac73f94c9df72d33a6.jpg,0,0,1
freshMango-117-_png.rf.92709c9b969174b8ddb147f6ecc2440c.jpg,0,1,0
8-1-_jpg.rf.2b4fe1f95b2cfcb192d9e4ccef0a54b8.jpg,0,0,1
freshMango-1-_png.rf.80de85fb69bfc16fe3e83d56454adeb8.jpg,0,1,0
IMG_20240904_091219_jpg.rf.4c7cf9cb079c16dda69c019dd89eb799.jpg,0,1,0
17_png.rf.37052b43ff8760f1de7a6627788ab2bb.jpg,0,0,1
1725422015026_jpg.rf.38e106d7aa692bd8d4460045d858be7d.jpg,1,0,0
freshMango-100-_png.rf.794e179ef00433f0f47ef5c75860fdd9.jpg,0,1,0
134_png.rf.d44e4828b757e298c107f9afe0f4a705.jpg,0,0,1
IMG20240917102411_00_jpg.rf.226235bfdb08fcf572241f0666aad500.jpg,1,0,0
IMG_20240908_075005_jpg.rf.7d5993ee7fa81fe4eab85e3cd6b479f7.jpg,0,1,0
IMG_20240904_090816_jpg.rf.9d7e8da92075baef2d9c817250bcf04d.jpg,0,1,0
1725329047070_jpg.rf.5001f5f6a642ef1075378ca633002e65.jpg,1,0,0
1725524105819_jpg.rf.619a93852a2e4bb4f358a81e4ff56a18.jpg,1,0,0
IMG_20240902_142649_843_jpg.rf.d013c741add061c1bf82f22ea1d35c3c.jpg,0,1,0
125_png.rf.e795175b2fd700ae278d43c062ea8ce5.jpg,0,0,1
WIN_20230323_14_45_28_Pro_jpg.rf.4a7d8b3c47785b07a81c440606de4c1b.jpg,0,0,1
IMG20240917104958_00_jpg.rf.a779b61e5f4473e2234404c69cd31261.jpg,1,0,0
IMG_20240904_090801_jpg.rf.c5495a359cdc848cc497b55c8fc64d37.jpg,0,1,0
IMG_20240902_143543_630_jpg.rf.a3a1467dd5f067c54551a89d75ce0b1f.jpg,0,1,0
IMG20240904112532_00_jpg.rf.48a18b693378357825f3057435d22ee6.jpg,0,1,0
IMG20240909080921_00_jpg.rf.5838e6163f48e171331d6b7af47fd53b.jpg,0,1,0
IMG_20240904_091021_jpg.rf.3ef2750e06844547f468f8169f5676fd.jpg,0,1,0
321014110_920972762594132_4529431498610696787_n_png.rf.f18981efaea3b74d82e3dc36457a02f5.jpg,0,0,1
1725425184615_jpg.rf.fcd12c8ded397d34b2dae457a7820c53.jpg,1,0,0
IMG_20240905_131330_jpg.rf.5baf9c4c928fd8ea0eeb0bde68fa76a0.jpg,0,1,0
WIN_20230323_14_40_30_Pro_jpg.rf.33e4535f6680f06551f9d5111779ed5f.jpg,0,0,1
freshMango-10-_png.rf.600f3479a1c19f9e0c9346dace0c9583.jpg,0,1,0
freshMango-101-_png.rf.7457e81d5d427de399500043df049c9b.jpg,0,1,0
WIN_20230323_14_45_07_Pro_jpg.rf.6165b7c16ba465da889307660422568d.jpg,0,0,1
IMG_20240904_090902_jpg.rf.9ad553c3ca1698e0e7ef099abcc4e24a.jpg,0,1,0
1725422020970_jpg.rf.979102abd2798e16dbd0ef9e8a1949f8.jpg,1,0,0
IMG20240909195211_00_jpg.rf.a63abc8a587a9399957d99688a9ed554.jpg,0,1,0
IMG_20231019_161521_jpg.rf.616305010cc4c6c40453f78421dc3429.jpg,0,0,1
IMG_20240902_143601_076_jpg.rf.ab14f0949f6581eed1fcd7c02b47e53c.jpg,0,1,0
IMG_20240902_142634_506_jpg.rf.e53cc57b803d8c9da229c97146f154e8.jpg,0,1,0
18_png.rf.77c2149a2062c23783406c2fe0ffea94.jpg,0,0,1
IMG_20231019_161514_jpg.rf.18a181eec46dd790f8a2975f964ad9c9.jpg,0,0,1
WIN_20230323_14_45_10_Pro_jpg.rf.b455f6131c4029aa8f2185804b7c4766.jpg,0,0,1
IMG_20240905_161415_848_jpg.rf.215c3a3bdf77631bf0a8a5ac924a7900.jpg,1,0,0
freshMango-116-_png.rf.1259844b0e23a6bcd5d239ecd6458d19.jpg,0,1,0
WIN_20230323_14_46_18_Pro_jpg.rf.8acd93d9e6cb584b40d4e65cda9fedac.jpg,0,0,1
WIN_20230323_14_44_13_Pro_jpg.rf.4b888e497d2ed394cb1f34dc34567b32.jpg,0,0,1
Screenshot_5_png.rf.95d83be0c37022c25f1f362436267edf.jpg,0,0,1
133_png.rf.2646211eaf50ec1d32b829b94e0f3c3d.jpg,0,0,1
1725422890474_jpg.rf.2c2f1526c56c2864ddd90bee65e70417.jpg,1,0,0
Screenshot_43_png.rf.704bf6a9a8341e26aaa8c7e44ce54263.jpg,0,0,1
IMG_20240904_084358_jpg.rf.ae1d7d211abbb3cf2e9b5ac1f5ea9150.jpg,0,1,0
WIN_20230323_14_43_50_Pro_jpg.rf.091ff541421a0e6c72658c5f0f546293.jpg,0,0,1
IMG20240917105017_00_jpg.rf.f634f8b47250a544202571a91ad6e051.jpg,1,0,0
IMG20240909204521_00_jpg.rf.456c67ba0e82b5b6fb2bf002bbf6ba2c.jpg,1,0,0
IMG20240909213526_00_jpg.rf.0de5db1046bee3d30739a47ef27f23ff.jpg,1,0,0
IMG_20240904_090824_jpg.rf.d0b3433d93b3101b3e8be759bb579955.jpg,0,1,0
IMG20240917104440_00_jpg.rf.9b8610cfea56db57ebc168c80bea2b5b.jpg,1,0,0
IMG20240909213530_00_jpg.rf.6c6a1a8e44d550cb8fc0424993f4a85d.jpg,1,0,0
1725343958951_jpg.rf.4bf6ea94a370c44653d573dae5c56370.jpg,1,0,0
IMG20240909204508_00_jpg.rf.dfa7a3163faafd7c7ddd9566968ef8d1.jpg,1,0,0
1_jpg.rf.3fe21f502c440e1652b8a1f1e70a05ba.jpg,0,0,1
IMG_20240904_090832_jpg.rf.fa9f4952451bdbc6689acc756d195388.jpg,0,1,0
IMG_20240902_143546_926_jpg.rf.07e20cd204b94913501b8cae74180aa1.jpg,0,1,0
Screenshot_7_png.rf.27f1f198eaff7c526104967f41e3cf3d.jpg,0,0,1
1725328094430_jpg.rf.d92dd48ed930ce3710182181ecd41ffe.jpg,1,0,0
1725328190281_jpg.rf.95e1d3f5263b6f3a2350fc0ad3f80ecd.jpg,1,0,0
IMG20240917102402_00_jpg.rf.9ea214c89931fbea99f976ffd0ed3b2b.jpg,1,0,0
WIN_20230323_14_45_17_Pro_jpg.rf.ef52e71ed7d8b34e52862117f2de0ee3.jpg,0,0,1
WIN_20230323_14_44_01_Pro_jpg.rf.97fc3aef769c28e56a31f43b767fecbf.jpg,0,0,1
IMG_20240904_091152_jpg.rf.b755e10b4175a6bf82d63a3fb410ddbe.jpg,0,1,0
WIN_20230323_14_47_58_Pro_jpg.rf.870b7402a4ceed98df88b087c5b9c6c0.jpg,0,0,1
WIN_20230323_14_50_30_Pro_jpg.rf.9de75528e44376f2baed9457cc58b517.jpg,0,0,1
WIN_20230323_14_50_20_Pro_jpg.rf.dc0a948f49e4348098a64dc956bbd388.jpg,0,0,1
19_png.rf.17381acf4ed88695a686c195715a5f65.jpg,0,0,1
freshMango-12-_png.rf.c812706a6fe0e794c6df839a8e678109.jpg,0,1,0
16_png.rf.88574fae39a83eeb43230a9061ae00a1.jpg,0,0,1
IMG_20240905_130955_jpg.rf.22e5c546d2469469507b48d98559f228.jpg,0,1,0
IMG_20240904_091212_jpg.rf.435afb7a629d2f3519c01f2006e5084e.jpg,0,1,0
IMG_20240904_090809_jpg.rf.31b25241409a04463095333687b90516.jpg,0,1,0
IMG20240917104428_00_jpg.rf.7e90eb2d6ecdab1c4fa4e37314be6b98.jpg,1,0,0
WIN_20230323_14_45_25_Pro_jpg.rf.978b5699b2b2b62d49614f4661262819.jpg,0,0,1
IMG_20240904_084553_jpg.rf.57e9d047577a8aa7e3f3bf20fc8c9cc1.jpg,0,1,0
14_png.rf.6da87088f24f22ce5875e59803fd91b7.jpg,0,0,1
WIN_20230323_14_50_27_Pro_jpg.rf.e999d9052877f6518968806c3d9cb429.jpg,0,0,1
IMG_20240904_115857_093-2_jpg.rf.827b3a9c6d80104362b3407397331016.jpg,1,0,0
IMG20240917104425_00_jpg.rf.4c668e4ab31bf3ea04f11ee8ff7a2b23.jpg,1,0,0
IMG20240909203447_00_jpg.rf.1af407d62bdd5e030e99b3762971d71e.jpg,0,1,0
IMG_104_jpg.rf.876a9c5ff8d3f469f0ebc707699e0e16.jpg,0,0,1
IMG20240917103333_00_jpg.rf.eb3c9e7b80ea5fe10c567d5506f90a2d.jpg,1,0,0
IMG_20240904_115910_349-2_jpg.rf.2dade732837bcf64ecae8bedb50f4419.jpg,1,0,0
1725424101463-3_jpg.rf.137e5c1c8c0fdfe426b8c453541ea868.jpg,1,0,0
WIN_20230323_14_47_48_Pro_jpg.rf.5c771ee3f25bcaac40c105d32dc7716e.jpg,0,0,1
IMG_20240902_142622_084_jpg.rf.15abf7e56f856ea1d6254f81dbbe8449.jpg,0,1,0
IMG_20240902_143536_702_jpg.rf.da5b1209fddc8f3b0561d9976dc1f82e.jpg,0,1,0
IMG20240917103219_00_jpg.rf.f229699631fbd64b08f40246dc347fb4.jpg,1,0,0
1725344579345_jpg.rf.e059b7cfc5a37cba67bc491b016b40cb.jpg,1,0,0
IMG20240909203648_00_jpg.rf.c3757a00f63c87c9e3c64603dbc4054c.jpg,0,1,0
121_png.rf.23c9781fa9c0a53a37507e3c216e812f.jpg,0,0,1
WIN_20230323_14_46_36_Pro_jpg.rf.d8dce0231b7f660763490b3653ba76b5.jpg,0,0,1
WIN_20230323_14_46_13_Pro_jpg.rf.44d48d2fa76cd55323e92f456a57231d.jpg,0,0,1
118_png.rf.02013b295c653832160e29a6f6ffed2b.jpg,0,0,1
124_png.rf.e883e08087bb10212c5fbda1bb620a8f.jpg,0,0,1
freshMango-123-_png.rf.ca958be8692851cb55ad5de9d3768610.jpg,0,1,0
IMG_20240905_161421_306_jpg.rf.420584f9c5a98d928bf472cf982e8e21.jpg,1,0,0
122_png.rf.935d05697200b2f488c654c97b1ebe59.jpg,0,0,1
WIN_20230323_14_46_07_Pro_jpg.rf.6c82b047b7a6dbb7b0cc17eee1abe81f.jpg,0,0,1
freshMango-121-_png.rf.c102fb04b52de5f0d3207b8d6e64ae7a.jpg,0,1,0
IMG_20240902_142632_428_jpg.rf.8c04eff3fb81ac0bfa0cba142bfe391e.jpg,0,1,0
WIN_20230323_14_46_15_Pro_jpg.rf.c9b0b6da289e161813fee9361748aa6f.jpg,0,0,1
123_png.rf.e4efcd32117f270ed7e588d1c97f1b77.jpg,0,0,1
freshMango-125-_png.rf.dcdfc638465924f2f96c2285506f5c54.jpg,0,1,0
IMG20240904112503_00_jpg.rf.72715df97ea8e7173c77ec7b2cea7ad7.jpg,0,1,0
IMG_20240904_091148_jpg.rf.a0951846b2fc85d199fe0cb051000725.jpg,0,1,0
-trashed-1728016832-1725424772862_jpg.rf.fea088ce3e6ab240a2966e134b5daaac.jpg,1,0,0
1725424101463-5_jpg.rf.906dace50da26d1b65a26c72b019a2dc.jpg,1,0,0
IMG_20240904_112258_847_jpg.rf.9f1b8fcf521c609fcc67b48c947e9e3e.jpg,1,0,0
IMG_20240904_112302_726_jpg.rf.ea683bd25f1a31f1de5497c7db58f013.jpg,1,0,0
IMG_20240904_090835_jpg.rf.9579378298af114ddea0c242a6b55ffb.jpg,0,1,0
freshMango-126-_png.rf.1fadd1d3bb79fea825e66291a39ead17.jpg,0,1,0
IMG_20240905_131416_jpg.rf.868e6de8c49f3d9e11beee49ccdae7b6.jpg,0,1,0
1725524100997_jpg.rf.7f2c5f57921a7a296b64f204c3cb88fb.jpg,1,0,0
117_png.rf.2b3ac7d41e086bdae8138c96f3a5d287.jpg,0,0,1
freshMango-135-_png.rf.dc8d00e6a63520b458fe8f96cd86b1f2.jpg,0,1,0
IMG20240917104422_00_jpg.rf.3566256617ebb64dce71c4f75087c874.jpg,1,0,0
15_png.rf.a18c8d630bf7d6fdcc6d9b387138229a.jpg,0,0,1
freshMango-129-_png.rf.7e557e37c94b5183faab2e8e293c9c88.jpg,0,1,0
IMG_20240904_091215_jpg.rf.e6f20c345136699273c213fba551dbd9.jpg,0,1,0
IMG20240917104025_00_jpg.rf.4396c8c95396ace308ac28837dfa31e4.jpg,1,0,0
Screenshot_41_png.rf.ff69deff37f9232345c3b99efde2c2a2.jpg,0,0,1
120_png.rf.487f58c4203febb06092112479d3db47.jpg,0,0,1
freshMango-128-_png.rf.3cea37a00e359c15ab90915296c7c10f.jpg,0,1,0
IMG_20231019_161535_jpg.rf.ff1dcad9ca914a91230e670da75a6419.jpg,0,0,1
WIN_20230323_14_46_30_Pro_jpg.rf.6a3db14c735a74b7943b74ba2b915dca.jpg,0,0,1
1725328034919_jpg.rf.10d330e29a987971e98b94d1a7089c3d.jpg,1,0,0
freshMango-136-_png.rf.afe71a87bf3e45f992c27f664eb2c0c1.jpg,0,1,0
Screenshot_40_png.rf.5e36094418559edc0efeb1feca0a9ffa.jpg,0,0,1
IMG_20240902_142614_558_jpg.rf.78e97d7786e5a5ccc61b58d05bab37be.jpg,0,1,0
119_png.rf.bb4b4eb1ea68762fec183d07f5c6a22b.jpg,0,0,1
1725422043053_jpg.rf.2a7854b284dd6a328f64cd033f0957a7.jpg,1,0,0
IMG_20240905_131353_jpg.rf.56dbd9a8221e669412fb42e01d11563d.jpg,0,1,0
freshMango-131-_png.rf.5a8bf3bde11e745b62b074c3b522a31a.jpg,0,1,0
IMG_20230117_104655_jpg.rf.67a7c0fb5b007bdc5caffb5dfa099514.jpg,0,0,1
1725329138808_jpg.rf.f4e1221cc8a8717c0c446679bcddbea8.jpg,1,0,0
1725524124521_jpg.rf.0725265dcca5d0ba86bfaaf30daaf2e9.jpg,1,0,0
IMG20240917103153_00_jpg.rf.bc83cce39e795783fa78b7920a0b7bb9.jpg,1,0,0
IMG_20240902_142629_707_jpg.rf.e483201b4af13312127918bfdd31cd00.jpg,0,1,0
IMG20240909204459_00_jpg.rf.df07477c1776e058f33899670326ee28.jpg,1,0,0
freshMango-118-_png.rf.747c1d4dc64a9e9f16f4069a73e65390.jpg,0,1,0
IMG_20240904_084546_jpg.rf.4022b0814e995538ab435055ea52dbea.jpg,0,1,0
1725329118894_jpg.rf.d455ae626856dcfc21dd1ff3a2b7c05a.jpg,1,0,0
IMG_20231019_161658_jpg.rf.07de157c792c77f42df427a0bb84e83d.jpg,0,0,1
IMG_20240904_090709_jpg.rf.41fa2e41a5460258afefc4b63319aeb5.jpg,0,1,0
IMG20240904114218_00_jpg.rf.69ed09b8651db47d9e9d8bd0e38352d2.jpg,0,1,0
IMG20240917104944_00_jpg.rf.d4f7542b00b414d0016909f31a0c454c.jpg,1,0,0
WIN_20230323_14_51_43_Pro_jpg.rf.8b6223663f1d6cb33b6e9a9fabd2ebe9.jpg,0,0,1
IMG_20240902_143526_849_jpg.rf.33ba6c24fc44f8d636bffc502c0cfcbc.jpg,0,1,0
IMG_20240902_142619_785_jpg.rf.d9c48f8f208276801285bd697d4d7ba4.jpg,0,1,0
IMG20240909203021_00_jpg.rf.99a9550c5df1a2dcef88bad72580b301.jpg,0,1,0
1725344618170_jpg.rf.a159bc5be324c1fc0739f82eca46460e.jpg,1,0,0
IMG_20240905_130841_jpg.rf.2867138f7cedce053e170e83f580d640.jpg,0,1,0
IMG_20240904_084341_jpg.rf.0ae69df3379f261e58b3c632b71436e9.jpg,0,1,0
1725422905987_jpg.rf.66626a74148c9d2d9b93f876335112cb.jpg,1,0,0
IMG20240917090215_00_jpg.rf.2ff1e77a3b58f1219e93404696712445.jpg,1,0,0
IMG20240917104952_00_jpg.rf.40aade41862c71abd72df4c2357429e9.jpg,1,0,0
IMG_20240902_143523_429_jpg.rf.2e1f377058f5fb41324238be3caf76c3.jpg,0,1,0
IMG_20240904_090750_jpg.rf.fd8461215ecf91845af16811a70b2000.jpg,0,1,0
7_png.rf.a1e15a0e1c3710ca99bdd5875975a473.jpg,0,0,1
IMG_20240902_143530_232_jpg.rf.3271757d67e933750a2e70d26f9bf410.jpg,0,1,0
freshMango-133-_png.rf.8af08dc87663879478b0cc258ff32fcb.jpg,0,1,0
IMG_20240902_142627_430_jpg.rf.d55b560e142da6e57f9b16350859135e.jpg,1,0,0
WIN_20230323_14_46_33_Pro_jpg.rf.98c2c5afcc91d6fcb62b374b3cb18aac.jpg,0,0,1
IMG20240909202939_00_jpg.rf.21672571bf1cc6176f8ee7de55067442.jpg,0,1,0
freshMango-13-_png.rf.5972818ccc19b273362d3e334e211ec7.jpg,0,1,0
1725328238798_jpg.rf.817335b0fa8ecf01d766b605cce8258c.jpg,1,0,0
IMG_20240905_130916_jpg.rf.5ff8afa69526cfd198b68460f891cab9.jpg,0,1,0
1725422901168_jpg.rf.2291d829a007ea2c58a740e911527d61.jpg,1,0,0
1725343983935_jpg.rf.8a7145f50ef84934b8a1278ba6ca8780.jpg,1,0,0
IMG_20240902_143509_743_jpg.rf.167ca007c6416141277ec6f940bcdf2a.jpg,0,1,0
IMG_20240905_161746_736_jpg.rf.fb8790547be9c714255955395fbf6e44.jpg,1,0,0
1725344598625_jpg.rf.809945bc2640fe2ceca86ee1ad65902e.jpg,1,0,0
WIN_20230323_14_57_40_Pro_jpg.rf.986536880469d0a968f657507818cc70.jpg,0,0,1
1725328276525_jpg.rf.b2d5991265ba3b3dd039df43f464a028.jpg,1,0,0
IMG_20240902_142617_193_jpg.rf.96f56947e27dd1835d5c884154f0f329.jpg,0,1,0
Screenshot_16_png.rf.415681d54879ff805d4d285505cdcc48.jpg,0,0,1
WIN_20230323_14_11_43_Pro_jpg.rf.46d34549ddc1736d88d73cb9ecbda50b.jpg,0,0,1
WIN_20230323_14_13_37_Pro_jpg.rf.d436cdeb697c71cec76176c4857b18e9.jpg,0,0,1
WIN_20230323_14_08_07_Pro_jpg.rf.c0d553b2b023aec8ee53231b845fd018.jpg,0,0,1
IMG_20240904_112051_396_jpg.rf.4e9458bdc028d11d9a003640a6fcc576.jpg,1,0,0
IMG20240917090227_00_jpg.rf.bac27ff0c7846119b95e0f85b6981fca.jpg,1,0,0
1725328840601_jpg.rf.dba1627cf21c8fd0d7ba374960eeef79.jpg,1,0,0
IMG_20240904_090150_jpg.rf.bdb0a431d9d4adc26fc9e53bfbe3d331.jpg,0,1,0
1725344368344_jpg.rf.83ee751f57cd550bdd94f3ae49ab1ece.jpg,1,0,0
IMG_20240905_161337_648_jpg.rf.4956fd00b1b444dbe2eebd44ea620344.jpg,1,0,0
WIN_20230323_14_18_59_Pro_jpg.rf.d658727c55751680ae238aa3cb659fa0.jpg,0,0,1
WIN_20230323_14_19_02_Pro_jpg.rf.61e192f0719617812e21633956fc799f.jpg,0,0,1
54_png.rf.4d8beb1f22f89f274ef474832fd5e20f.jpg,0,0,1
WIN_20230323_14_21_37_Pro_jpg.rf.7d62dc2a0d3619492c20ba09dde9b334.jpg,0,0,1
IMG_20240908_074829_jpg.rf.096477b3be8d8b03e2f7b243106e393e.jpg,0,1,0
IMG20240917103012_00_jpg.rf.105ff477908a05524d5064d1b9509666.jpg,1,0,0
IMG_20240904_091033_jpg.rf.1e682b98bde6dcced39bfca054e52f69.jpg,0,1,0
WIN_20230323_14_13_59_Pro_jpg.rf.f022a6d54a3eec0844aabc2a3b0ce6c3.jpg,0,0,1
WIN_20230323_14_21_39_Pro_jpg.rf.c44dff986f5a673aaeafe8bfa6d2773a.jpg,0,0,1
WIN_20230323_14_18_02_Pro_jpg.rf.7419da93746fa5f6e93a5ea62acd7f0c.jpg,0,0,1
WIN_20230323_14_19_04_Pro_jpg.rf.15a2242fd72b6529783cd48b840d0c47.jpg,0,0,1
WIN_20230323_14_18_33_Pro_jpg.rf.9f96339e62c27d3e67dcb5f2cd32b25f.jpg,0,0,1
IMG20240904112830_00_jpg.rf.fe2e0d9fe0d7295354e4e9ba86c6f9ee.jpg,0,1,0
IMG20240909204823_00_jpg.rf.43c17839bfe898ae2efcea67a40ccfae.jpg,1,0,0
WIN_20230323_14_14_22_Pro_jpg.rf.a6dde6ea37519e9ea78787c5f229de02.jpg,0,0,1
WIN_20230323_14_20_30_Pro_jpg.rf.dfc578cae619b640042ece9b56d1c26e.jpg,0,0,1
IMG20240909204813_00_jpg.rf.7eed9bb5de66528db11719f35c7a73f6.jpg,1,0,0
48_png.rf.cfa38831d3b8ea88257e8eaf777f8d5e.jpg,0,0,1
6_jpg.rf.1ea795b81a68d888a7292183a4e5cf49.jpg,0,0,1
WIN_20230323_14_18_18_Pro_jpg.rf.abc7be8a37be18efabc5bbb6296a90b8.jpg,0,0,1
IMG_20240902_143008_360_jpg.rf.e3eb70774201c0f247143ab7f8c7bbf5.jpg,0,1,0
53_png.rf.12bb638fdbfedd43ef0a0a0bc58f2e91.jpg,0,0,1
1725328784286_jpg.rf.d0b68969325691b4dcaf91056553b0b1.jpg,1,0,0
IMG20240917104541_00_jpg.rf.db80882626ed4de97ce95d46da4f8ae8.jpg,1,0,0
IMG_20240904_112122_575_jpg.rf.a5cd698969ab6ff36c83f7d2000a68e8.jpg,1,0,0
WIN_20230323_14_22_44_Pro_jpg.rf.1bc160ca4784a749d7a67d64617ffe68.jpg,0,0,1
7-1-_jpg.rf.06d5e6b2fc606220966230307e9aec26.jpg,0,0,1
IMG20240917104517_00_jpg.rf.b383414feb5d9e9e9c29000f6f4c3e65.jpg,1,0,0
WIN_20230323_14_21_33_Pro_jpg.rf.35e055b48af817be2c9a187c679fc0e4.jpg,0,0,1
IMG_20240905_130534_jpg.rf.6832fa8ecbcfcd9494da2c08cfbce15a.jpg,0,1,0
1725328859680_jpg.rf.9ef41436ff322f4104af99b8b961fffa.jpg,1,0,0
IMG20240917104524_00_jpg.rf.fcb2e904de49d95bee8b642fdb7e9aac.jpg,1,0,0
WIN_20230323_14_23_02_Pro_jpg.rf.a509644d61af1431fede4f360f841837.jpg,0,0,1
45_png.rf.cdb3e368f57d1205ab2f3a1bbf69d298.jpg,0,0,1
1725344341906_jpg.rf.56c7c5a86300faf689a54a756d01e3ed.jpg,1,0,0
IMG20240909204803_00_jpg.rf.be85177b977467583cd093d974cf6e26.jpg,1,0,0
1725425139483_jpg.rf.6ce59078dd8ec6397802af88db72deec.jpg,1,0,0
WIN_20230323_14_21_23_Pro_jpg.rf.02fc313babc874d0ca2029a59a77599f.jpg,0,0,1
IMG_20240904_090204_jpg.rf.fa4de206d61275e3bda75fcf46c017f8.jpg,0,1,0
Screenshot_15_png.rf.809cd546699bb2f9fd4deaba3671ee87.jpg,0,0,1
IMG_20240902_142825_013_jpg.rf.adb2adef2a9a1518c611d620dfa46ac0.jpg,0,1,0
WIN_20230323_14_18_42_Pro_jpg.rf.321fad5a24e1817d9ffbc44e24b68af0.jpg,0,0,1
IMG20240917103942_00_jpg.rf.177d95532c0e29a3b45a80c5fc4455aa.jpg,1,0,0
IMG_20240904_084417_jpg.rf.20f8d511b7d3e95bdacac0da4148c1d5.jpg,0,1,0
WIN_20230323_14_22_14_Pro_jpg.rf.8451e4fa37ae4b1b49f5ee9387e0d178.jpg,0,0,1
WIN_20230323_14_21_44_Pro_jpg.rf.7a882d61cfe04814b27310a281ed05ff.jpg,0,0,1
1725344363731_jpg.rf.a2b81424aac416af61e94803850b7312.jpg,1,0,0
Screenshot_17_png.rf.6ab1f653bb8f32a5bc8bf9b6480c6604.jpg,0,0,1
IMG_20240904_112140_397_jpg.rf.b1f02e1fe62911ed639e64de940412f7.jpg,1,0,0
IMG_20240904_091048_jpg.rf.f80242c0dba5aa61c41c44f6771367a3.jpg,0,1,0
WIN_20230323_14_11_26_Pro_jpg.rf.44f5907689dbc7292c002888cd3535ee.jpg,0,0,1
IMG20240917104548_00_jpg.rf.9eff6cd7039f9bcee8b5cbf4a09d91e1.jpg,1,0,0
WIN_20230323_14_21_00_Pro_jpg.rf.03ce77dfd6d87a304a90ff0bffc056f8.jpg,0,0,1
IMG20240917104534_00_jpg.rf.8207c3b97bd335a00a422480e0c13987.jpg,1,0,0
WIN_20230323_14_18_39_Pro_jpg.rf.efa870b29be2abc29de861dbb58bff1e.jpg,0,0,1
444_png.rf.a5bed092e06f1f65807619fcecc7dcf7.jpg,0,0,1
IMG20240909204808_00_jpg.rf.e747bbb0d782d2deef9d7765256a06cc.jpg,1,0,0
WIN_20230323_14_10_32_Pro_jpg.rf.1462a829f68f91e4bc4d65030bed5dba.jpg,0,0,1
IMG_20240908_075059_jpg.rf.33d3bb0dee358b458a8b4578efa9d3d7.jpg,0,1,0
40_png.rf.58ebc96dc5481250c15d87e07c4885aa.jpg,0,0,1
49_png.rf.3e5265e450e8ed1a0952672a4aab30b9.jpg,0,0,1
WIN_20230323_14_23_05_Pro_jpg.rf.1572b238496a349f79fd225092729133.jpg,0,0,1
43_png.rf.3388433c2c1f02e0ae2d2cab616e38b6.jpg,0,0,1
WIN_20230323_14_21_42_Pro_jpg.rf.68392aac1c6907a060c07b1f5fd287dd.jpg,0,0,1
WIN_20230323_14_18_47_Pro_jpg.rf.1e4ccd7187a8e16471dee8cfff157a67.jpg,0,0,1
IMG_20240904_112136_741_jpg.rf.d112922d73ac5cba4e0e135f8e0e5400.jpg,1,0,0
42_png.rf.f8e00001215438f4e93e6c6085b2e66b.jpg,0,0,1
WIN_20230323_14_19_32_Pro_jpg.rf.ca1a26c0cc8f4f383f7ed4719b81ed5a.jpg,0,0,1
41_png.rf.8a75661912365d9875e3c95e51bfde21.jpg,0,0,1
WIN_20230323_14_23_26_Pro_jpg.rf.4d83536bd287a0ecb34b1446c0e3623d.jpg,0,0,1
IMG_20240905_161346_012_jpg.rf.10a6d37a2fcc06c7566404ac49d85798.jpg,1,0,0
IMG_20240902_142735_425_jpg.rf.d99399777a85b3580aedc15e04e4d01b.jpg,0,1,0
IMG_20240902_142803_732_jpg.rf.07f73960db8059406bc64fd430415bf4.jpg,0,1,0
IMG20240909195237_00_jpg.rf.572dfbba13185ca7fe38709801af132d.jpg,0,1,0
IMG20240917102442_00_jpg.rf.44283d267da68b1d25f9f29d3bb1a8b8.jpg,1,0,0
IMG_20240908_075052_jpg.rf.329a177d6ebb79922945819a1acf7b33.jpg,0,1,0
WIN_20230323_14_21_50_Pro_jpg.rf.f898b0ec3cfa0fbf6c32ad52c7231585.jpg,0,0,1
1725425102159_jpg.rf.a494a169ab20589765f3dad906b2ae19.jpg,1,0,0
IMG_20240904_090227_jpg.rf.c70912c6fa8844924bf7eabaec4167ed.jpg,0,1,0
IMG_20240902_142731_798_jpg.rf.0a83deebfaa346a7ccbfb1afe5860b5f.jpg,0,1,0
WIN_20230323_14_25_09_Pro_jpg.rf.8515821366f18eab2c5f0a10b3587743.jpg,0,0,1
IMG_20240905_131125_jpg.rf.bfdd73b623d32d16a6f546aeb3e34275.jpg,0,1,0
WIN_20230323_14_22_53_Pro_jpg.rf.20644070cac54577088a2174ad27e273.jpg,0,0,1
IMG_20240904_090231_jpg.rf.fbf410b39dbdb4d1d8d1f32d870e157c.jpg,0,1,0
1725423910162-3_jpg.rf.a8514b1fcaff863e0ac6fa5d03aa7c0e.jpg,1,0,0
WIN_20230323_14_29_48_Pro_jpg.rf.d35274df50330a0f32d7c9500c0b39d0.jpg,0,0,1
IMG_20240908_075219_jpg.rf.398b137383285c21a7bbd07acdc169a2.jpg,0,1,0
WIN_20230323_14_19_39_Pro_jpg.rf.f11b188c9caaf88f16dc10894c49fd2a.jpg,0,0,1
WIN_20230323_14_18_44_Pro_jpg.rf.7c5b30c59ebc48306908fc525bfdcd20.jpg,0,0,1
IMG20240917085953_00_jpg.rf.9429c6b27acdfa9fb462b7f2d6bca6da.jpg,1,0,0
35_png.rf.1418cbe05ce9bd1921f8dd3a935ad225.jpg,0,0,1
WIN_20230323_14_25_16_Pro_jpg.rf.e22db231beef45fcd79ba0003d48f947.jpg,0,0,1
IMG_143_jpg.rf.2a13adfc03fac24c6a3e3f0b37f82ab0.jpg,0,0,1
IMG20240917104527_00_jpg.rf.189e5dd203251f4b61c0fa94237fc341.jpg,1,0,0
IMG_20240904_084442_jpg.rf.4a65e36f394695c1550ed8086c5b1a3b.jpg,0,1,0
IMG20240917104511_00_jpg.rf.11775ef9c24532584ef66c36f3f08718.jpg,1,0,0
1725423910162-5_jpg.rf.461fc013a39cb03f1f18f79dd90f4ae8.jpg,1,0,0
IMG_20240905_161349_342_jpg.rf.ad023133fedc8aebe2dc933bec058404.jpg,1,0,0
Screenshot_14_png.rf.45a47757407ef65cb9b887ff28c37f42.jpg,0,0,1
47_png.rf.12c2e50a0b12281667ffa2b9d36305c8.jpg,0,0,1
IMG20240909204751_00_jpg.rf.f7fc3257cf1ab659d49bf41abca8b651.jpg,1,0,0
IMG_20240904_091052_jpg.rf.5396bc82886a4da30e2da05ce09fa6e3.jpg,0,1,0
1725328929985_jpg.rf.1db15db2c2d5443564a3a507a1079232.jpg,1,0,0
WIN_20230323_14_19_41_Pro_jpg.rf.116583d5a98e02cf7c690ab591704b98.jpg,0,0,1
IMG_20240905_131139_jpg.rf.8c31c65bbede68374e010f29aa6b6103.jpg,0,1,0
IMG_20240904_090218_jpg.rf.ecd12dfd5007e657717436f39ed3e673.jpg,0,1,0
1725344373512_jpg.rf.6b5292adda665a1bd8519f6a40e89c5c.jpg,1,0,0
5_jpg.rf.ba3ab70e2a42e92376a9704bd89d4d45.jpg,0,0,1
IMG_20240904_091131_jpg.rf.2d747daa0bf8714070f614ee5b9f54c4.jpg,0,1,0
IMG_140_jpg.rf.fd5435e2113f43daa561955faefbabc3.jpg,0,0,1
IMG_20240904_084437_jpg.rf.0beb29bf7cec4b180c62af8e7527a18f.jpg,0,1,0
WIN_20230323_14_27_26_Pro_jpg.rf.72594a5382481d6df38f5451bb882851.jpg,0,0,1
WIN_20230323_14_28_11_Pro_jpg.rf.dc00f9ef89383a60c4c66065d64a3424.jpg,0,0,1
1725423883082_jpg.rf.faf8b4eabb72b12ba040c9eafc457aa3.jpg,1,0,0
36_png.rf.64458e7e57621da44849412c58296e57.jpg,0,0,1
WIN_20230323_14_26_49_Pro_jpg.rf.6a54403161e79b5ba13ff27044762a04.jpg,0,0,1
IMG20240909195300_00_jpg.rf.6f1338be23ea19ef3b636f13878b8805.jpg,0,1,0
WIN_20230323_14_28_15_Pro_jpg.rf.3013a9af144c51fc492ef45f914cf917.jpg,0,0,1
IMG_20240908_074835_jpg.rf.8373ed49d2d867d0e843fe8aa18c3195.jpg,0,1,0
IMG20240917103115_00_jpg.rf.2e369fd0dd4de1b287d99f655758de5f.jpg,1,0,0
IMG_20240905_161356_859_jpg.rf.d6a99c84bc910c0b4a3c0a0e049f19e8.jpg,1,0,0
WIN_20230323_14_27_12_Pro_jpg.rf.d1b00b3975786ff90154deb4f7cc2eda.jpg,0,0,1
IMG_20240904_090951_jpg.rf.bdf7b8c2af0efbbdc8094fc3631cb1b0.jpg,0,1,0
IMG_144_jpg.rf.cfcbcd8309bac1944226f94ead27a5a6.jpg,0,0,1
IMG_20240902_142733_771_jpg.rf.4df366f3212b8f61862e62fa2d68e4a7.jpg,0,1,0
1725328881915_jpg.rf.94ebf34613e5bdcb6b6e3646816a2502.jpg,1,0,0
IMG_20240905_130429_jpg.rf.afa04219aa854ffcc8932997105ac942.jpg,0,1,0
WIN_20230323_14_27_24_Pro_jpg.rf.b2a5d122c9266d707607cbb38ad58ab0.jpg,0,0,1
IMG_20240905_131130_jpg.rf.0bc264e1db97980839719ce57a5b94e2.jpg,0,1,0
IMG_20240904_090247_jpg.rf.0b42f0dbf7ec70b5c6611c4bc32ed627.jpg,0,1,0
WIN_20230323_14_26_58_Pro_jpg.rf.92d161ad3cd0ccaba666488f68936230.jpg,0,0,1
IMG_20240902_142727_623_jpg.rf.ab42c10e9560addc63c9af8204b978e7.jpg,0,1,0
WIN_20230323_14_28_07_Pro_jpg.rf.4a37db90d55fd0ec5108d6e57f55ea10.jpg,0,0,1
WIN_20230323_14_28_13_Pro_jpg.rf.725e6d2156758b8e4dc80839b20d66f5.jpg,0,0,1
24_png.rf.e175a8fb5aec6118ada653a937893565.jpg,0,0,1
Screenshot_12_png.rf.31268dd6f400b0981251ed2b8596a41d.jpg,0,0,1
IMG_20240902_142729_667_jpg.rf.0929d948bc0443835081924537561718.jpg,0,1,0
38_png.rf.15f939a2f916a7dea72fdd431381b5bb.jpg,0,0,1
IMG_20240905_161359_891_jpg.rf.956f545bd510dcb9841b6c5d6f1aaf89.jpg,1,0,0
IMG_20240908_075213_jpg.rf.64fc02e2f1a5727be86777a373358465.jpg,0,1,0
37_png.rf.ffebac1ccab62577f558b71984460a3c.jpg,0,0,1
WIN_20230323_14_41_51_Pro_jpg.rf.0d9bcde65bcd6f21ef1cd17bac7370dd.jpg,0,0,1
WIN_20230323_14_31_03_Pro_jpg.rf.fcc90c4b2a0de5df0f8598b6c50846a9.jpg,0,0,1
WIN_20230323_14_31_36_Pro_jpg.rf.0ba2f760b4637c82dd43985801c806b8.jpg,0,0,1
34_png.rf.96ecec0e87ab0b817986c8cedcc6a41d.jpg,0,0,1
IMG_20240904_084428_jpg.rf.5b86aa3be0706aba5309c7181271bab2.jpg,0,1,0
IMG_20240902_142741_854_jpg.rf.d7070357ef4f3d4197b3510905f0064c.jpg,0,1,0
IMG20240917103849_00_jpg.rf.bfdfd0b54245a5f07807e869012e2fee.jpg,1,0,0
7_jpg.rf.f9ec8846ccdf08f7120c3f4fe6d53cf2.jpg,0,0,1
IMG20240917104508_00_jpg.rf.d119c3b718cd8dbffbc03e7bed9ab013.jpg,1,0,0
1725328948928_jpg.rf.69f403a7abe8db9cbb8f3b276148be29.jpg,1,0,0
WIN_20230323_14_27_10_Pro_jpg.rf.77ccebd11f9a53a7a10407018b1192d9.jpg,0,0,1
1725423910162-4_jpg.rf.e433a1b0a416fdcbf5380b88b1caa09e.jpg,1,0,0
IMG_20240908_075235_jpg.rf.8c6d5bda428019e79e242c3282744c96.jpg,0,1,0
IMG_20240902_142746_895_jpg.rf.1db39bf71f9d7ec210677ff94526def0.jpg,0,1,0
IMG_20240904_112229_592_jpg.rf.2b5eadac64ab4a47edb509d5eb477fe3.jpg,1,0,0
1725425155736_jpg.rf.7da9aba687a7ac03d557ff30f17a7173.jpg,1,0,0
IMG_20240904_091127_jpg.rf.494cfed28040b40539b8d7e06477b748.jpg,0,1,0
IMG_20240904_112157_056_jpg.rf.275dab1398ff604b7fdd1c49fbd36f16.jpg,1,0,0
IMG_20240902_142725_365_jpg.rf.6edc880db0237d3f657d32abc3bf3d5a.jpg,0,1,0
1725344401894_jpg.rf.31c8b41e9d3cdd0dbce4edbdf493ba2a.jpg,1,0,0
Screenshot_8_png.rf.b12e6cd858081c70df6f3eddc03eed95.jpg,0,0,1
WIN_20230323_14_31_34_Pro_jpg.rf.4c045eeb5b7f66af85ca64839e52b016.jpg,0,0,1
WIN_20230323_14_31_07_Pro_jpg.rf.c65af6867eeac24da9c07716a73fe4f1.jpg,0,0,1
IMG20240917104007_00_jpg.rf.fa7a62533beaf9768decffe10de32c65.jpg,1,0,0
1725425177033_jpg.rf.ea4b406caf23db4912e5498ec1db6921.jpg,1,0,0
IMG_20240904_091042_jpg.rf.6258535a27d77f06fbf94b7912469bf4.jpg,0,1,0
32_png.rf.1610a01eb81262314a04e4dfdfff8799.jpg,0,0,1
IMG20240909204738_00_jpg.rf.e69a0f425d33eab4c41ce7a80b1277e9.jpg,1,0,0
WIN_20230323_14_31_10_Pro_jpg.rf.dd641f9adaf1e8fc176ed1093b65c5a3.jpg,0,0,1
33_png.rf.af053a49cd1ed59ce64f73c0d42b46b1.jpg,0,0,1
IMG_20240908_075000_jpg.rf.1752cdb9261d18c4d05379553b402357.jpg,0,1,0
IMG_20240905_161404_933_jpg.rf.a80255ab647151ad84cdc9b217b7a7df.jpg,1,0,0
IMG20240917103225_00_jpg.rf.2529347225b6ef9eb0c57095ef10a3f3.jpg,1,0,0
WIN_20230323_14_42_51_Pro_jpg.rf.32a769ad132023dea5c0bd01912a3572.jpg,0,0,1
1725329004019_jpg.rf.0a575f6d94f117eec032232e0ef31a3e.jpg,1,0,0
1725423947240-2_jpg.rf.c3d6a85d2076abc1e710135c17903477.jpg,1,0,0
IMG_20240902_142716_555_jpg.rf.ad1ed818d00dbc46ab2198d255033b4e.jpg,0,1,0
IMG20240904112619_00_jpg.rf.9dda644ae94aa5f73fa15c14e80e52e9.jpg,0,1,0
1725328983912_jpg.rf.93078d904c89259770eb4c5df6743674.jpg,1,0,0
IMG_20240904_090944_jpg.rf.9ebddc0f1c8a3a41f5639f7b2f1dcc28.jpg,0,1,0
WIN_20230323_14_31_20_Pro_jpg.rf.f89a11d61a8bddc743c7c1d648b82988.jpg,0,0,1
WIN_20230323_14_42_48_Pro_jpg.rf.651cbaaff6672a8a4b3b711aea465b67.jpg,0,0,1
IMG20240917104504_00_jpg.rf.ecd317a24974f796c31b5fbf6013f42a.jpg,1,0,0
IMG_20240902_142723_162_jpg.rf.06a05c7d37c63fe276d48bd3a67e88e6.jpg,0,1,0
WIN_20230323_14_35_04_Pro_jpg.rf.e17d457891442ffcb178e75bbe866fdb.jpg,0,0,1
WIN_20230323_14_31_29_Pro_jpg.rf.6fc9ec260502feb7d93e50519fac040d.jpg,0,0,1
1725425159965_jpg.rf.4b458534f609f606413db8b31ae0460d.jpg,1,0,0
1725344426885_jpg.rf.27baea83ac9a67e21f32937478025acc.jpg,1,0,0
29_png.rf.27bf56a42a259a35ec0d76597d99f03f.jpg,0,0,1
WIN_20230323_14_34_46_Pro_jpg.rf.c3e3de07e36e203a4f12b6a703e23c55.jpg,0,0,1
IMG20240917104500_00_jpg.rf.344fe1fb4fcbe07e4b92a57518b830f8.jpg,1,0,0
WIN_20230323_14_31_26_Pro_jpg.rf.82a1c8032a6d67e99f607cad47ec92d4.jpg,0,0,1
132_png.rf.83991fd432f2b73528b7ed14e3bd904d.jpg,0,0,1
WIN_20230323_14_35_57_Pro_jpg.rf.79e72b3f1b535dbd7c6a9f401413c189.jpg,0,0,1
IMG_20240905_130437_jpg.rf.5fd34ec3ddb4485db98a9a930a44b3fa.jpg,0,1,0
1725424101463-2_jpg.rf.2b9991b8903c2da7a81e74ddb56cd86c.jpg,1,0,0
IMG_20240905_131422_jpg.rf.293b04eb697c6b68aa4bbd816d6a49ef.jpg,0,1,0
IMG_20240908_075226_jpg.rf.f8eff1175895b5aa48be8d598946ed50.jpg,0,1,0
freshMango-103-_png.rf.fde166d09127bc0cc70e3528a44892ff.jpg,0,1,0
WIN_20230323_14_35_45_Pro_jpg.rf.9d6e129afc7de8c65d64c2c474d01a8d.jpg,0,0,1
IMG20240917102642_00_jpg.rf.2762b328ae6017e8c8571dc21fcfea84.jpg,1,0,0
IMG_20240905_161417_456_jpg.rf.a6227dcd61fbbdfdfb13dd6f2cf652ad.jpg,1,0,0
WIN_20230323_14_34_48_Pro_jpg.rf.2c53852b7a3890eb89d0ea1a2a3a4b67.jpg,0,0,1
IMG_20240904_084433_jpg.rf.f28419071ffade4f344693aa4406bbfa.jpg,0,1,0
1725425180949_jpg.rf.a2f5eb4ff54c6c1a73f79fc391913127.jpg,1,0,0
IMG_20240904_112250_135_jpg.rf.5d89017d3438285dd8505b35b15cd5f5.jpg,1,0,0
IMG_20240905_131339_jpg.rf.f59d71b59c53878bff75e4d4f0c4aeac.jpg,0,1,0
IMG20240917090421_00_jpg.rf.61a53fd96cac70257aaaffef9c326668.jpg,1,0,0
IMG_20240905_130928_jpg.rf.8dc79144c3b59b2ae3e951a0eca37335.jpg,0,1,0
IMG20240909204729_00_jpg.rf.397e522a748a0d190165d6833173d945.jpg,1,0,0
WIN_20230323_14_36_31_Pro_jpg.rf.c8f2b4304b85f3a7f9b79df8810443ac.jpg,0,0,1
freshMango-106-_png.rf.3cfce4d01ab480ab34487f1bb924296b.jpg,0,1,0
IMG20240909213539_01_jpg.rf.65e58f67ab5f694bb2eef486daf2b964.jpg,1,0,0
IMG_20240902_142712_074_jpg.rf.55bd4837c7670c830c8c66a1d9341511.jpg,0,1,0
IMG_20240904_091223_jpg.rf.4fb0d1a9227564ce91ee2472bdc51cbe.jpg,0,1,0
IMG_20240902_142637_249_jpg.rf.c46f3a9caa2c84215cd361f7a6e3c327.jpg,0,1,0
26_png.rf.78b6f42f91c040623e83d572fd71afb5.jpg,0,0,1
WIN_20230323_14_36_28_Pro_jpg.rf.699f6e342e6940ad76d722e2d4c0c74b.jpg,0,0,1
IMG20240917102736_00_jpg.rf.1638096e78e5617b2341989867f0a5f9.jpg,1,0,0
WIN_20230323_14_30_59_Pro_jpg.rf.9bb779caf1271dd13e90383c1a34732c.jpg,0,0,1
130_png.rf.10be3ec2844b5c1854bc0bc10de43740.jpg,0,0,1
31_png.rf.45d59f6d6bc19d1f7e7b564bd61958da.jpg,0,0,1
IMG20240917104455_00_jpg.rf.5b1d6b8902cee69ed742129cbb73e25a.jpg,1,0,0
IMG20240917105011_00_jpg.rf.2a55c929e9ef89ecdb800237e65924ae.jpg,1,0,0
IMG20240917090247_00_jpg.rf.97dc73c7a70b673a3ec8bb52f6e04291.jpg,1,0,0
IMG_20240902_142714_893_jpg.rf.23552535e660f79c10c864cbeded7524.jpg,0,1,0
IMG_20240904_091004_jpg.rf.39b38d71ccea4bc86072545caae946d0.jpg,0,1,0
IMG_20240908_074954_jpg.rf.cad2d0d384ef4df055bfd10c5165d2e9.jpg,0,1,0
-trashed-1728016859-IMG_20240904_115840_570-2_jpg.rf.597a2ff3a0520e80e471a270fc55bef3.jpg,1,0,0
WIN_20230323_14_34_52_Pro_jpg.rf.274e568e0e19c0ba02b1955a6e26b363.jpg,0,0,1
WIN_20230323_14_41_58_Pro_jpg.rf.6d9f75ecdcab06ee8e99762222eae925.jpg,0,0,1
Screenshot_10_png.rf.3708874acd1dadc99784b03dbd967cb8.jpg,0,0,1
WIN_20230323_14_33_54_Pro_jpg.rf.ea82fe1a804125c32b1bcc8b3d9ffa10.jpg,0,0,1
WIN_20230323_14_38_05_Pro_jpg.rf.c2c54f93c7e41585755bea47ef8a1727.jpg,0,0,1
1725344452317_jpg.rf.5434f93993744a934b6626a282286e58.jpg,1,0,0
WIN_20230323_14_36_11_Pro_jpg.rf.347cb5e22c9a94b07cc0ce3111bcdd21.jpg,0,0,1
WIN_20230323_14_38_01_Pro_jpg.rf.bfd2ee88f1a801f00b82cbb71813795c.jpg,0,0,1
freshMango-107-_png.rf.defed768d34fd4d1ab445654aa50bbab.jpg,0,1,0
IMG_20240904_090757_jpg.rf.a033c013b9e3aecaf96ed62f18037ef7.jpg,0,1,0
WIN_20230323_14_00_14_Pro_jpg.rf.d87a5db5844bdb3cc6fd6b34e9bad4a1.jpg,0,0,1
WIN_20230323_14_00_23_Pro_jpg.rf.d16b1dfe45379031e26ace1fbf66f8f1.jpg,0,0,1
WIN_20230323_14_06_38_Pro_jpg.rf.29783aaaea5ca7a547e4fda4e96d237e.jpg,0,0,1
65_png.rf.9132cb4b01d4307abcf58fd051138d77.jpg,0,0,1
WIN_20230323_14_00_21_Pro_jpg.rf.6ef9adc8e6564afa389b755ac944d0c6.jpg,0,0,1
WIN_20230323_14_00_26_Pro_jpg.rf.4a7c0b902cd95326c3e0ebac29913836.jpg,0,0,1
WIN_20230323_14_06_45_Pro_jpg.rf.515c9e6e96faf61094f31d0066dd55a8.jpg,0,0,1
IMG_20240908_075019_jpg.rf.91b65480ec6054336db8346436e4b584.jpg,0,1,0
66_png.rf.07916b1b0a65380326d33df823b20dc4.jpg,0,0,1
WIN_20230323_13_59_52_Pro_jpg.rf.73c492ebc69f99ad0db609eea80e2d0e.jpg,0,0,1
WIN_20230323_14_05_35_Pro_jpg.rf.30c60012369a627000a7925d10893b32.jpg,0,0,1
1725425021890_jpg.rf.588ada4907588fe092eefb00dc989d38.jpg,1,0,0
IMG20240917103004_00_jpg.rf.a37eef4aad47fbbb893faef20c8e7008.jpg,1,0,0
WIN_20230323_14_05_38_Pro_jpg.rf.3b3340752b12f4dad0c5553396ce07fc.jpg,0,0,1
IMG_20240905_131049_jpg.rf.f7119e3bf5a1de9972231e0a8ddb069f.jpg,0,1,0
WIN_20230323_14_06_24_Pro_jpg.rf.baf69441aa2978ba72ebc2f4842813e2.jpg,0,0,1
63_png.rf.0a0b3f5ebe65bec911ce8ff246c903f7.jpg,0,0,1
IMG20240909204859_00_jpg.rf.145e18bcfa2ce05a15304e8f7d7a0147.jpg,1,0,0
64_png.rf.8c1ba86cba895226de117b1923117973.jpg,0,0,1
WIN_20230323_13_59_15_Pro_jpg.rf.0b3e00e1f63be03cb2569c0589195c18.jpg,0,0,1
59_png.rf.b858b8bd6f72e8ee6cb311084f700640.jpg,0,0,1
WIN_20230323_13_59_17_Pro_jpg.rf.0b05b1f4e743d237b2c17a41eda96ae5.jpg,0,0,1
WIN_20230323_14_06_31_Pro_jpg.rf.8a5cf71f0237ca0487af8683325b0f69.jpg,0,0,1
IMG_20240904_090050_jpg.rf.68c87301deaa83f8148023ea1bbd7f31.jpg,0,1,0
60_png.rf.cb29528733b9933de194eac8613708b6.jpg,0,0,1
WIN_20230323_14_04_41_Pro_jpg.rf.41e1376c3d8233b7e5c3f657a46dce4e.jpg,0,0,1
Screenshot_21_png.rf.e38995f94d6733efafad79a2c8dee4d6.jpg,0,0,1
IMG_20240904_084424_jpg.rf.0e83fd82efc1233e3ab9d8919f36a296.jpg,0,1,0
IMG20240909204907_00_jpg.rf.7b3257433c3d5a6888b72ccee446a0d7.jpg,1,0,0
IMG20240917104606_00_jpg.rf.079eafac9f435cdce23d43d71488e718.jpg,1,0,0
IMG_20240902_143049_206_jpg.rf.21f7787f1406b8a0cc8baf60796f68a5.jpg,0,1,0
WIN_20230323_14_05_09_Pro_jpg.rf.9fdefa2e29d4ff820d789f716bc33b76.jpg,0,0,1
WIN_20230323_13_59_08_Pro_jpg.rf.a696720f660a96a27a4fa70e6621aa69.jpg,0,0,1
IMG20240904112915_00_jpg.rf.bf0755c9f46f3aabe6a37266f440f44f.jpg,0,1,0
IMG_20240905_130541_jpg.rf.2192d9f3ad85178b495c23b507fccda4.jpg,0,1,0
IMG_20240905_130453_jpg.rf.6954036d3b59d6f1717d777d9792a101.jpg,0,1,0
IMG20240917104603_00_jpg.rf.6387152d0ff7c41987536850774f3776.jpg,1,0,0
IMG_20240902_143043_242_jpg.rf.96c52ee5b23049fbf19b0ca86302f2d8.jpg,0,1,0
WIN_20230323_14_05_18_Pro_jpg.rf.0d7017a88a5dd20507c2ec62e0094fd7.jpg,0,0,1
IMG20240909204845_00_jpg.rf.1308a755b17efa6eca12dd1e61afa29e.jpg,1,0,0
IMG_20240908_075042_jpg.rf.9b277bd6a9ccbef7783a8d6d96ef9f73.jpg,0,1,0
WIN_20230323_14_04_50_Pro_jpg.rf.22d8f99c39b7ed5949551ab2fb929387.jpg,0,0,1
WIN_20230323_14_04_43_Pro_jpg.rf.deb4050c6ccd53476fb727bb8031742e.jpg,0,0,1
IMG_20240905_130504_jpg.rf.450a30445daa9a4db398299a6911fe2f.jpg,0,1,0
WIN_20230323_14_05_11_Pro_jpg.rf.33ccb22a8cf4a458b545de054486f011.jpg,0,0,1
IMG_20240904_090516_jpg.rf.ccee88798ad6f7a0470fc9a6017f1fd7.jpg,0,1,0
IMG_20240904_084610_jpg.rf.b0f90334c7edb8ddf391d6b9e71b6af1.jpg,0,1,0
WIN_20230323_14_08_28_Pro_jpg.rf.a7ddc9a107576746b2ab46926c1b392d.jpg,0,0,1
IMG20240917090159_00_jpg.rf.14b404809910cf945ca16f066e23fe9b.jpg,1,0,0
IMG20240909203059_00_jpg.rf.a7bdee74a76fd703526be505d087456b.jpg,0,1,0
61_png.rf.beedd0ddfbb7bbcd95f32619f8ca15b7.jpg,0,0,1
WIN_20230323_14_07_54_Pro_jpg.rf.1882b2b60a633185ea7e9e81d786779b.jpg,0,0,1
WIN_20230323_14_08_31_Pro_jpg.rf.ca1b227516a1b69eb1544f3b2e1bdb0b.jpg,0,0,1
58_png.rf.e4f29e56fddd886ea91c9c4575b16e5a.jpg,0,0,1
IMG_20240904_090236_jpg.rf.48c2b9f669ba79cfc5a5def05a2b16cd.jpg,0,1,0
IMG_20240904_090044_jpg.rf.8336185259bf01b7242a660c28d9b0c0.jpg,0,1,0
56_png.rf.e960bdb7d57ea4719ca25140393cab54.jpg,0,0,1
IMG20240909204849_00_jpg.rf.749ad51cc6ca01a10fe14fb143ead1c8.jpg,1,0,0
IMG_20240905_161323_402_jpg.rf.95c4ac640d654b617f77bb187ff59977.jpg,1,0,0
WIN_20230323_14_08_15_Pro_jpg.rf.6ebc774e30794a0986412d89313b8e3c.jpg,0,0,1
62_png.rf.57a8a895e4072222193f5e21b39f9f5f.jpg,0,0,1
57_png.rf.9d84b633a84583ba84e9e67792fe0fcb.jpg,0,0,1
1725423465278_jpg.rf.51ea77a8f92525051a3a93ffd0743c35.jpg,1,0,0
IMG_20240902_143023_834_jpg.rf.ca1a4c029b3779aa0e96ed593cecceaf.jpg,0,1,0
IMG_20240904_112046_101_jpg.rf.719ba5696ebd5bd546b465e3cc04d741.jpg,1,0,0
WIN_20230323_14_10_12_Pro_jpg.rf.2c4f7d93bd80cce8a402d0a742d6df62.jpg,0,0,1
IMG20240909203316_00_jpg.rf.e8066934e6a0881a608096f188bea79d.jpg,0,1,0
IMG_20240902_143027_439_jpg.rf.01fa402ccbe372e2fc4cea5b071d090b.jpg,0,1,0
1725425030885_jpg.rf.98bb50d7537916b8e0c158b5ad612033.jpg,1,0,0
IMG_20240904_090454_jpg.rf.0bcbaa770c973e125960c41162e34aca.jpg,0,1,0
WIN_20230323_14_07_07_Pro_jpg.rf.125e31e2b0abef4ad63c7086d73b7f73.jpg,0,0,1
52_png.rf.91f5c91bcb2fc8e027fc0fc6b47bedea.jpg,0,0,1
IMG20240917104552_00_jpg.rf.3152aca88b112d8684dc6467e0bd7e34.jpg,1,0,0
IMG_20240905_161326_568_jpg.rf.00e4719fb847d314350257313243491e.jpg,1,0,0
IMG20240917103049_00_jpg.rf.b5e8157577acb07255f2e2c03ea957dc.jpg,1,0,0
1725425034850_jpg.rf.3eeb5ea55b1193ce97f058f0e6c73d74.jpg,1,0,0
IMG_20240902_143052_581_jpg.rf.8979b5615150557d2e703830bbc39c44.jpg,0,1,0
IMG20240917103857_00_jpg.rf.27a327165570acaf27a5b6f22d8cd890.jpg,1,0,0
WIN_20230323_14_06_52_Pro_jpg.rf.a937fbf0916e0d1a8cd4eacc6f536ab4.jpg,0,0,1
WIN_20230323_14_06_54_Pro_jpg.rf.18fafad062e54d4d4b6cfbc833093ef2.jpg,0,0,1
IMG_20240904_084413_jpg.rf.47cbda74edee3273db51a28de8f04973.jpg,0,1,0
Screenshot_19_png.rf.05a5ef26abe252ca0dfe67be3c46bfc1.jpg,0,0,1
IMG_20240908_075032_jpg.rf.0654e01ea7633c892eb5390284517ba1.jpg,0,1,0
IMG20240904112841_00_jpg.rf.e99566543a6b1a562b6dd621a3c13408.jpg,0,1,0
WIN_20230323_14_07_04_Pro_jpg.rf.92e899cdd0500115424e69c5d93fea9b.jpg,0,0,1
1725425094762_jpg.rf.78174907fd239b34b8ab328d2d76e82f.jpg,1,0,0
WIN_20230323_14_11_00_Pro_jpg.rf.807c9d205ef23971ad3d9420ba5a6636.jpg,0,0,1
IMG_20240904_090213_jpg.rf.fe75463025792418e5dee40a053e5aa3.jpg,0,1,0
IMG_20230116_105625_jpg.rf.bd0613f49bbb7410d3c1f1f5f6f3a394.jpg,0,0,1
1725344325144_jpg.rf.4b88280e6a2d5fdabf7062460efea180.jpg,1,0,0
WIN_20230323_14_06_57_Pro_jpg.rf.85a4fa9c61f17b98154d9c4fa0d98c83.jpg,0,0,1
1725344336379_jpg.rf.5858651ed5f7d7e0ffd3ae5ec1349af7.jpg,1,0,0
5_jpg.rf.8a2d44fbef373091d7eac294452068fc.jpg,0,0,1
IMG20240917102512_00_jpg.rf.004f75b0144ccf873a3726bdbeb8298f.jpg,1,0,0
WIN_20230323_14_14_08_Pro_jpg.rf.04d24418074b2d1dab4789a6cf5201f2.jpg,0,0,1
IMG_20240905_131116_jpg.rf.d66307d5c44ee203588d76aa2ba94695.jpg,0,1,0
WIN_20230323_14_08_04_Pro_jpg.rf.77aba702262dabf990a82ae2fe274687.jpg,0,0,1
IMG_20240908_075024_jpg.rf.de5bcf7bd09237b1b836106bce104345.jpg,0,1,0
WIN_20230323_14_10_25_Pro_jpg.rf.793a7d55c40cba81e31e03500d1b4265.jpg,0,0,1
IMG_20240908_075110_jpg.rf.4b397f48b08aaa44a788121b137d6b52.jpg,0,1,0
IMG_20240908_075047_jpg.rf.bf74f41ad88d71b75fcf7e3217f5d387.jpg,0,1,0
WIN_20230323_14_11_17_Pro_jpg.rf.e81e3d4fbc251049ec9589e501abf18e.jpg,0,0,1
IMG20240917104544_00_jpg.rf.ace71c60c941293fd81a7721ee9adea5.jpg,1,0,0
IMG_20240904_112055_868_jpg.rf.ff01a7ddaef5f73e5b071dd3736ad905.jpg,1,0,0
WIN_20230323_14_08_25_Pro_jpg.rf.5cd3f5ae7941a58cacad4d5056d11c36.jpg,0,0,1
WIN_20230323_14_11_11_Pro_jpg.rf.b1d7ec7aac387e5405c65dccaa23e4ed.jpg,0,0,1
IMG20240917103825_00_jpg.rf.8f8b16e8f2a44c72f7800c2ec4830cb0.jpg,1,0,0
IMG_20240904_090157_jpg.rf.26439e4bd3c671a8e22823a3c7c16095.jpg,0,1,0
55_png.rf.9a2b5e3de0ce08611af0d104a43ac075.jpg,0,0,1
IMG_20240908_075037_jpg.rf.acfb9cb180b425c7a830d2bde57d8230.jpg,0,1,0
WIN_20230323_14_08_21_Pro_jpg.rf.9f192e24816c3a03fc8b439bf24aaf56.jpg,0,0,1
WIN_20230323_14_20_24_Pro_jpg.rf.075c81ace04a0a3d8ca5fdd21dda6e7f.jpg,0,0,1
IMG_20240904_090241_jpg.rf.7d039c87ce49d94424662aab877989e3.jpg,0,1,0
IMG_20240902_143037_207_jpg.rf.28c05b72f62754d6664c4caa530fbbc5.jpg,0,1,0
WIN_20230323_14_52_40_Pro_jpg.rf.e0b54607b2b1e575f5c8c4c6cfa060c7.jpg,0,0,1
1725422154023_jpg.rf.69214f853a5d484f909300d14d26266b.jpg,1,0,0
1725328257198_jpg.rf.98e5f231909986a3474fbc741203dfc5.jpg,1,0,0
freshMango-134-_png.rf.298b18c4242c0fe4e364fee5d4fddc4e.jpg,0,1,0
Screenshot_4_png.rf.6ac1f76b00bbe969d347e889a4d837b2.jpg,0,0,1
IMG_20240905_130852_jpg.rf.f9214cc7bef7792e476abc2c118376a9.jpg,0,1,0
6_png.rf.e252bd89ad9f5ee080efb7c797118645.jpg,0,0,1
102_png.rf.1527e2a580fc39882c4bc44a8401359f.jpg,0,0,1
13_png.rf.0dcb52cbbe699f58484e2c75a3c94d9e.jpg,0,0,1
IMG_20240904_090716_jpg.rf.9fbc7db20643c5489a29d1887657f2c7.jpg,0,1,0
IMG_20240902_143520_341_jpg.rf.0672efcff3cfb1554128766cb24e2cf9.jpg,0,1,0
IMG_20240902_143512_732_jpg.rf.527435495ec694cbc49526dbf7148c0a.jpg,0,1,0
IMG_20240904_091144_jpg.rf.a7a9194abdc250eab598b37d04da0618.jpg,0,1,0
WIN_20230323_14_57_56_Pro_jpg.rf.6f9c56036c2e35e1d0180b11a56d4b32.jpg,0,0,1
1725422057302_jpg.rf.3b9061b1c52f7dd3eb43c4b31a332d94.jpg,1,0,0
WIN_20230323_14_57_45_Pro_jpg.rf.0f2c5cf6baf60e4cd737c43d5d17c784.jpg,0,0,1
WIN_20230323_14_50_32_Pro_jpg.rf.ee18aeeec60a62ac6cd852182d581e3b.jpg,0,0,1
WIN_20230323_14_55_58_Pro_jpg.rf.66147f15cccff5d81b232f2cd620f34d.jpg,0,0,1
IMG20240904114215_00_jpg.rf.d217a0f4b3025eb2a7bbc9b474362451.jpg,0,1,0
IMG20240909202934_00_jpg.rf.15f118ccf37cf02da8d31722a5a0c635.jpg,0,1,0
1725524164749_jpg.rf.bfbb66d2239906c6fc709cf329857cda.jpg,1,0,0
5_png.rf.e4731d26f6e3e3f179d88e3147bd2f6a.jpg,0,0,1
67_png.rf.d3dda9c0bae9f7a00f179ea2d6324ac5.jpg,0,0,1
1725524134394_jpg.rf.a52539e8045d04ed96cf38232352c520.jpg,1,0,0
IMG_20240902_143533_465_jpg.rf.2528ee2228643eeee5a5364d8628dc9c.jpg,0,1,0
WIN_20230323_14_58_55_Pro_jpg.rf.2077a612df02aa5ecbad741cb4425629.jpg,0,0,1
IMG20240909203644_00_jpg.rf.a6241303f23e919bcc4bc4568f43259d.jpg,0,1,0
1725424674341_jpg.rf.bd85c2d89bd56c29d7a8376eb46c0931.jpg,1,0,0
IMG_20240905_161748_489_jpg.rf.71f743c1c3cecbf7eb8a595aa933e15c.jpg,1,0,0
WIN_20230323_14_51_37_Pro_jpg.rf.a08a153b793ff8eb9a2eaad643e11065.jpg,0,0,1
IMG20240909205142_00_jpg.rf.312118e75b34178f4a521c48744fa3b9.jpg,1,0,0
1725344023921_jpg.rf.c2888341f102353d3758b42f12f58945.jpg,1,0,0
IMG_20240902_143516_510_jpg.rf.8af4c3a54f8274b73b3ef410289bcc2e.jpg,0,1,0
IMG_20240904_090927_jpg.rf.7d768196362a9739291c716d30dac8e5.jpg,0,1,0
IMG_20240904_090738_jpg.rf.c6e0fba4d0c0ecbdd8baad64160ae46d.jpg,0,1,0
IMG_20240902_142553_135_jpg.rf.6e33829997a96b0bdb1d4047b33ad7a9.jpg,0,1,0
IMG20240909203154_00_jpg.rf.366048d5856c1358749df0b2a2634102.jpg,0,1,0
IMG20240909202226_00_jpg.rf.f421721a1642a8e717e71ab8c038a656.jpg,0,1,0
IMG_20240902_142547_712_jpg.rf.0baacd61c30f57e8111c2a795c71279d.jpg,0,1,0
IMG_20240902_142611_093_jpg.rf.2922345f2fa91394985783bf8d86f564.jpg,0,1,0
IMG20240917102711_00_jpg.rf.f7c0af5eca1807d7ecae9da28dc2d67d.jpg,1,0,0
12_png.rf.15126621f71b4add5d44762c6e97c352.jpg,0,0,1
1725328297613_jpg.rf.545ff3a4d17b86cd920de9df438f1a65.jpg,1,0,0
IMG_20240908_074801_jpg.rf.f8fa4c33911d70bdfe8fd2c4fdb13f16.jpg,0,1,0
IMG_20240904_090754_jpg.rf.7c0661a25f5d5e87f0f3a172feabd95a.jpg,0,1,0
IMG_20240904_090922_jpg.rf.bde072b4843fdeae30affd737e46d700.jpg,0,1,0
IMG_20240904_084534_jpg.rf.23dae329224d130a99896ea54da2681c.jpg,0,1,0
IMG_20240902_143506_881_jpg.rf.29e4456c131d71ba9b326036276eb9b3.jpg,0,1,0
IMG_20240904_115922_243-2_jpg.rf.f071a82cc75bef2df66e3999c78e4790.jpg,1,0,0
IMG_20240904_115954_851-2_jpg.rf.2dcb0d370516b252ebf71071cbc0896b.jpg,1,0,0
11_png.rf.83df4ddab45384677e90504f54efc946.jpg,0,0,1
IMG20240917103126_00_jpg.rf.251f1ea5fb76f425b2db0c561b096077.jpg,1,0,0
115_png.rf.b8713e7571905b0fa7c0458082849006.jpg,0,0,1
IMG_20240904_090742_jpg.rf.1e8f8e9cde292ef70b234b374e73c5c0.jpg,0,1,0
IMG_20240904_090123_jpg.rf.601fdbea795a21b5279b6e5afb0a6b62.jpg,0,1,0
1725329218030_jpg.rf.8c8ebbceecd326399d91539cbd45e273.jpg,1,0,0
IMG20240917104407_00_jpg.rf.4bd7f181d385a12927d3dcc5e9901a49.jpg,1,0,0
IMG20240917101539_00_jpg.rf.63187d3e0ee3151ca404d9b4d73e78ff.jpg,1,0,0
1725344033261_jpg.rf.87ecfb64607ab85530295a40405aaed4.jpg,1,0,0
IMG20240917104804_00_jpg.rf.e1d7509341aded814d2bd94ea4a9bba6.jpg,1,0,0
IMG_20240908_075028_jpg.rf.56c0836c7bd5039e1932a94c06f8b285.jpg,0,1,0
IMG_20240902_143456_259_jpg.rf.01897ae2d45f1444f0f76c67c7a58be7.jpg,0,1,0
IMG20240904112920_00_jpg.rf.75dca4fe542cc414a3fbe6b14f670ec5.jpg,0,1,0
1725329155259_jpg.rf.e662d43a2fb5f9d4b3bf3777e01ceaa9.jpg,1,0,0
IMG_20240904_090425_jpg.rf.d1f9a03579aa28736109bd75f6c5898a.jpg,0,1,0
2-1-_jpg.rf.e5e873f9a60c3bb2f6c57732bba251b5.jpg,0,0,1
IMG20240917104948_00_jpg.rf.2676161b70f800a02efa8e51db4d41c1.jpg,1,0,0
1725422052231_jpg.rf.c41b93042faabdda9be1d641a5485384.jpg,1,0,0
WIN_20230323_14_57_35_Pro_jpg.rf.b028ab6153bc5f667576855f0c70687b.jpg,0,0,1
IMG_20230119_164116_jpg.rf.110ae4e6ba99806a04008aeab7523e03.jpg,0,0,1
IMG_20240902_143459_561_jpg.rf.3ce5626b81741ab0f06659d57742395c.jpg,0,1,0
89_png.rf.b801e478a086cdc33b371dbb5bbf3326.jpg,0,0,1
IMG20240917103852_00_jpg.rf.06032d74f60191fe81fffb152b64453e.jpg,1,0,0
freshMango-139-_png.rf.2ecb6b0284e8410166b62350feaa36da.jpg,0,1,0
IMG20240909205101_00_jpg.rf.27e4b50f6a602064869ef632a254d9ba.jpg,1,0,0
IMG_20240904_090115_jpg.rf.c91727dc953d62383315d5326ef6212c.jpg,0,1,0
IMG_20240902_143103_201_jpg.rf.4928253c0f55b4b92599addf57ef83c6.jpg,0,1,0
IMG_20240902_142544_861_jpg.rf.a650680776ac79683110c76652183063.jpg,0,1,0
IMG20240917102448_00_jpg.rf.139f9bc1f4f7e1559379c3436e544ba4.jpg,1,0,0
IMG_20240904_112024_138-2_jpg.rf.1610283a0648fa8a36c148e10f41aa82.jpg,1,0,0
1725344638408_jpg.rf.f81d07c5581ac26d05d48b28b3626a6b.jpg,1,0,0
IMG_20240902_142604_210_jpg.rf.0eacfa24ffef496f7f0a3928beb780b6.jpg,0,1,0
IMG_20240905_131143_jpg.rf.ca755ef0767aaf8232f6676b7c39ca7f.jpg,0,1,0
1725329179092_jpg.rf.eddc64ea88d16c0ea5407490e8022568.jpg,1,0,0
IMG20240917090019_00_jpg.rf.9dc5eefd7a55ad6604054cfb5fb44899.jpg,1,0,0
1725424304040_jpg.rf.4d96933a67f785422a204c4cb50bcba4.jpg,1,0,0
WIN_20230323_14_55_50_Pro_jpg.rf.72639acd1bc404d577ffd2f75ef7d25e.jpg,0,0,1
IMG_20240904_084454_jpg.rf.e5d79000ffbca3415976489d4e6bf028.jpg,0,1,0
WIN_20230323_14_57_42_Pro_jpg.rf.fbe015a2ae4c2edccfbacb78258fa798.jpg,0,0,1
IMG20240909204449_00_jpg.rf.284d052c0b0e641218a3fbc96f97cf3d.jpg,1,0,0
IMG20240909203641_00_jpg.rf.dd2175d67667151a60215b11ddd7d403.jpg,0,1,0
IMG_20240902_143503_586_jpg.rf.35f64609e2d32efcbab94d34607c2871.jpg,0,1,0
116_png.rf.09a0130c3f3b48c45ce552c176c27bec.jpg,0,0,1
Screenshot_31_png.rf.24568d2b34b766109c4086e84065d8b0.jpg,0,0,1
1725424679305_jpg.rf.d9afbd46a8195db3eecd60bd437cd24b.jpg,1,0,0
1725422943164_jpg.rf.bf216be7313d68cdc79eccd3cff57d79.jpg,1,0,0
IMG_20240902_143059_337_jpg.rf.3e856e44906fd7f9f49358f092d32be3.jpg,0,1,0
1725424942705_jpg.rf.bc90db3911455f31997d04f0ea6c7de5.jpg,1,0,0
WIN_20230323_14_51_55_Pro_jpg.rf.b32b286afdddcdafa088884627de52d8.jpg,0,0,1
IMG_20240904_090107_jpg.rf.f8aa2d1b2bd1d2d93ace44a8e65bd5e4.jpg,0,1,0
IMG_20240902_143318_485_jpg.rf.9857fff613109ca19f9ad43946b8dfb0.jpg,0,1,0
IMG_20230119_164113_jpg.rf.61fc849d209f23fabf12cad85ea2d821.jpg,0,0,1
IMG_20231019_161825_jpg.rf.b5c97158ec785ca9a33394f2f53d84bb.jpg,0,0,1
IMG_20240902_143322_392_jpg.rf.a1de9b3ed520e0dad3ffe6a6528c59ea.jpg,0,1,0
IMG_20231019_162505_jpg.rf.479fbf5eed76634e52aa7db6e13ffbbe.jpg,0,0,1
1725344212721_jpg.rf.9d31f63cab9e9bec26e758bc835a5bc5.jpg,1,0,0
IMG_20230116_105242_jpg.rf.b01c7143a8604dc5422ca2908ca2e6ee.jpg,0,0,1
79_png.rf.a259f662006cb5c6fc46b218ee54556b.jpg,0,0,1
Screenshot_35_png.rf.d0c24dc114c1b7df1b4b2b94f66c4b51.jpg,0,0,1
IMG_20240904_084539_jpg.rf.bc33590406bc45195def23e22932e273.jpg,0,1,0
1725424916430_jpg.rf.b12f93dc3758e7e0a0d9fe77030b9714.jpg,1,0,0
91_png.rf.7eb63091f34a0efdd5e8c9bcbf8d9eb3.jpg,0,0,1
IMG_20240904_112316_145_jpg.rf.a0d37afe0d56ce3190b54351cbb942d0.jpg,1,0,0
IMG_20230116_105234_jpg.rf.7574f277a1b0ad3d7a1a271f9e99ce12.jpg,0,0,1
1725344261164_jpg.rf.a4343c27aa0dc5a12d8a87a4e88f420f.jpg,1,0,0
IMG_20240905_131208_jpg.rf.7344c4fd76f3ccbe785a695fcda7c98b.jpg,0,1,0
WIN_20230323_14_52_50_Pro_jpg.rf.58ef1be2a293217fc40082b5ecf30931.jpg,0,0,1
WIN_20230323_14_52_52_Pro_jpg.rf.7fccece018341167329765366433a80c.jpg,0,0,1
324825143_953321948885102_2769729148393823159_n_png.rf.5a41311801139db526b74a79c9527d15.jpg,0,0,1
IMG_20230116_105419_jpg.rf.2442e4e5324cf84fe36e56c74940c58c.jpg,0,0,1
1725524374493_jpg.rf.7790fa2bb91bf5b9299fddd39c46bb6e.jpg,1,0,0
IMG20240917103839_00_jpg.rf.bdc0a33cef0b2f2fa51bdbbf33212aeb.jpg,1,0,0
IMG_20240904_115917_901-2_jpg.rf.0002f055c12aa0e62ae4a88674907724.jpg,1,0,0
321820771_881274093074576_2308456623825979562_n_jpg.rf.4b3b0f6db19747cf676f2dbc0ccbd58e.jpg,0,0,1
WIN_20230323_14_55_02_Pro_jpg.rf.5b91f480202e9ba1b15481a1a20ac115.jpg,0,0,1
8_png.rf.fc366a50404e73bced22620139f4259c.jpg,0,0,1
WIN_20230323_14_54_31_Pro_jpg.rf.00ddfe68eeb67e8fe1e4995becc6fa48.jpg,0,0,1
WIN_20230323_14_54_57_Pro_jpg.rf.ab9948fed1cddfda649cc16e8553d6ee.jpg,0,0,1
IMG20240917104609_00_jpg.rf.364c9d1a98bbfced46f37f4b8caf9fda.jpg,1,0,0
WIN_20230323_14_52_56_Pro_jpg.rf.688028d2568386bd85a2a17ebebd5615.jpg,0,0,1
IMG_20240902_143111_223_jpg.rf.04560206bb0cb361d230e675e294318a.jpg,0,1,0
IMG20240909204911_00_jpg.rf.31418a34245120cad80e1b3e1a66957d.jpg,1,0,0
9_png.rf.f4c306d84a352b85e6569ac58121b09e.jpg,0,0,1
112_png.rf.6bbbab945be22d63cb5df632249ee589.jpg,0,0,1
IMG_20240902_143325_782_jpg.rf.f74637f0911b7cf5a2ad0af9a835a381.jpg,0,1,0
IMG20240917104001_00_jpg.rf.25b0259a9475919e8b63de57efb97484.jpg,1,0,0
IMG20240909204440_00_jpg.rf.fda1bbd4fb024536da7002eeb0da87be.jpg,1,0,0
4_png.rf.60529c708b9b7d7604a3efbf429ea7e5.jpg,0,0,1
111_png.rf.bd5899e9476106b1f5c4cbeb6f6c14e7.jpg,0,0,1
IMG20240917102532_00_jpg.rf.3b30e0eda7286905439e9587ea3880d6.jpg,1,0,0
IMG_20240904_090746_jpg.rf.a0812ae7f6577f740a0b56b3825f604e.jpg,0,1,0
WIN_20230323_14_54_49_Pro_jpg.rf.ee97663b84dc57c9b62694736cc24da6.jpg,0,0,1
Screenshot_3_png.rf.1f4937415352e2179aa8a9b524404c45.jpg,0,0,1
IMG20240909205129_00_jpg.rf.606147237395a7bfae31b5b0ba56ea58.jpg,1,0,0
IMG_20240902_142601_618_jpg.rf.72fb42c8f68b35df86f0b6ac9140616e.jpg,0,1,0
IMG20240917104415_00_jpg.rf.271e9779c645743f0b961bda8ada569c.jpg,1,0,0
WIN_20230323_14_59_40_Pro_jpg.rf.906780d46ec728a7889a24d2c7cd25b5.jpg,0,0,1
IMG_20240904_091207_jpg.rf.b1249dc78aa282024be71f34d379b2f8.jpg,0,1,0
IMG_20240904_112314_866_jpg.rf.88bf0cd33f3b93b9931705aa861255c5.jpg,1,0,0
WIN_20230323_14_54_51_Pro_jpg.rf.0b59361699eba1aa162c8bcddaad2716.jpg,0,0,1
106_png.rf.1c8eddad9e738cb9ca5055a5cc0f61ac.jpg,0,0,1
WIN_20230323_14_59_36_Pro_jpg.rf.3aa76ede6d4ae94ee6213802724844a2.jpg,0,0,1
105_png.rf.a31498115a7821ea4c8a76701f8e6de5.jpg,0,0,1
IMG_20240904_090608_jpg.rf.ab20a3f87a0c403db6d7b5f8a8b66d3b.jpg,0,1,0
Screenshot_1_png.rf.9013e3dcaaf2bc3d03c53457bffebada.jpg,0,0,1
IMG_20240904_090625_jpg.rf.cacb93741e6adb191e16072667e9bd82.jpg,0,1,0
IMG20240909205110_00_jpg.rf.a56aac1660cf7afa41f7864f2b8459bb.jpg,1,0,0
113_png.rf.e9943c8e961a0b2231320153c3bd4f3c.jpg,0,0,1
2_png.rf.f0c5d9bdf7831e83b7b7b79066c307b6.jpg,0,0,1
IMG20240917090326_00_jpg.rf.bb89cc696b10dc9e6e23fe655dd25c46.jpg,1,0,0
WIN_20230323_15_00_58_Pro_jpg.rf.eba58ae03795593c1ac3d7263625906c.jpg,0,0,1
WIN_20230323_14_59_32_Pro_jpg.rf.8ee695ec42e3cef1ac3c668f0bed0d15.jpg,0,0,1
103_png.rf.cd43fb267a2c239e2ac90bbff6f16187.jpg,0,0,1
IMG20240917102422_00_jpg.rf.d6e41706aba2838f5b136c23a60f0e21.jpg,1,0,0
IMG_20240904_090622_jpg.rf.f0c03748627f8eeb84ed3009a12ca5dc.jpg,0,1,0
IMG_20240908_074711_jpg.rf.c919bfc50058b2419d5e2af91422730e.jpg,0,1,0
1725344705394_jpg.rf.19b721ccddfaec79f401b89bbe7be110.jpg,1,0,0
IMG_20240905_130620_jpg.rf.ef7ecb9f74afcb6ae58ff9d446c02344.jpg,0,1,0
IMG_20240904_090619_jpg.rf.925a9f600d8e24ed268ef4d9e9476b07.jpg,0,1,0
109_png.rf.b7c65bffa72c0241b08a02fd0cef99f5.jpg,0,0,1
IMG20240909203655_00_jpg.rf.c19e992395cff994f3a0f45dcaebb147.jpg,0,1,0
IMG_20240904_115926_453-2_jpg.rf.34eb17c55f0fec7be2e1f39736e534f1.jpg,1,0,0
IMG_20240904_090909_jpg.rf.103e53e70f2ecae16e081c7bb58cf0c8.jpg,0,1,0
IMG_20240902_143450_459_jpg.rf.4720269995f7e439dd58d74f3f2a3552.jpg,0,1,0
IMG_20240904_084402_jpg.rf.639bd4c5900524afab39ba7171c204c0.jpg,0,1,0
IMG20240909203202_00_jpg.rf.f10f1581e74db2f82d38bf263e7ceb0f.jpg,0,1,0
IMG_20240904_091156_jpg.rf.0b6a3d4f607d7344be33b0450cd6d15d.jpg,0,1,0
IMG20240909203055_00_jpg.rf.2afed8fcd29403b08fb3cea8f7119ed0.jpg,0,1,0
Screenshot_38_png.rf.9fb01990ff0f294a7ad01f7e7c169480.jpg,0,0,1
IMG_20240904_120018_625-2_jpg.rf.f88d713e2bd6f370323a68132b3eac9b.jpg,1,0,0
IMG_20240905_161752_580_jpg.rf.7b8ee538b3cd13e0ca6e66d961b08d89.jpg,1,0,0
freshMango-147-_png.rf.c92649a56fe5fd716b3a1b075ec615eb.jpg,0,1,0
IMG20240917104838_00_jpg.rf.299866ce3e37db89c87880709b24e44f.jpg,1,0,0
WIN_20230323_14_55_10_Pro_jpg.rf.4293eb7862d60adef12ddf62ab3de6ff.jpg,0,0,1
IMG_20240905_130912_jpg.rf.019b36d55510a33966b273f5572e8b8b.jpg,0,1,0
IMG20240909204412_00_jpg.rf.4eb4d45051259d4acd5a3f9f060e24a1.jpg,1,0,0
IMG_20240902_143428_483_jpg.rf.684293b670c44e24d063c19b774896ce.jpg,0,1,0
IMG20240909203221_00_jpg.rf.52aa7ea6e0730f1f99d708fa3af4f8e8.jpg,0,1,0
IMG_20240904_115958_072-2_jpg.rf.0ec6871a0613f166af619cf810a094f8.jpg,1,0,0
1_png.rf.3983cbff9df1e4f3be366fe8b490dd1c.jpg,0,0,1
IMG_20240905_131006_jpg.rf.680cfe302969e3d982954dc02cc0e61e.jpg,0,1,0
1725329189018_jpg.rf.9f78bd04109dfd96ad51eae673a3e8f9.jpg,1,0,0
WIN_20230323_14_55_12_Pro_jpg.rf.5c74faa5998d6499af357110d61b5b7d.jpg,0,0,1
Screenshot_37_png.rf.a53f4d105c74e17d279a78f80aeb59be.jpg,0,0,1
IMG20240917103833_00_jpg.rf.cd9176f6eb23c4564b6255d95fbf56f7.jpg,1,0,0
IMG20240917104934_00_jpg.rf.ca406f356a6476791b001d74c23f962a.jpg,1,0,0
WIN_20230323_15_00_34_Pro_jpg.rf.b4331b28843b6e40a04c55ecb10ed142.jpg,0,0,1
3_png.rf.4c789985023803fc2ad8569b5e134b37.jpg,0,0,1
IMG_20240904_115958_072-4_jpg.rf.af1de2cb226a579fa9c672e59d416b6b.jpg,1,0,0
IMG20240909205125_00_jpg.rf.7c0abd44107e38082c5f1f597ed9ce78.jpg,1,0,0
IMG20240904112404_00_jpg.rf.e30b35316f03f05895dbfee150b459a1.jpg,0,1,0
IMG_20240902_143444_207_jpg.rf.08c2fab01b701823b35be6ba35eba6e3.jpg,0,1,0
IMG_20240902_143433_477_jpg.rf.53d3667f5de05a1188954ec6a8628646.jpg,0,1,0
IMG_20240904_091200_jpg.rf.5b6aecfe3b552fe7b518812df29ec842.jpg,0,1,0
IMG_20240905_130625_jpg.rf.56f0728ec485ff19be4ecc6846b344c9.jpg,0,1,0
WIN_20230323_14_59_46_Pro_jpg.rf.4eb4a22d40f17ea840f8bba43c649565.jpg,0,0,1
IMG_20240904_115936_990-2_jpg.rf.3cfcbb3a0256112f9e015a1ef0bac89f.jpg,1,0,0
1725422919691-4_jpg.rf.42c6ece3128335565cd613743dc5ebe4.jpg,1,0,0
1725424308870_jpg.rf.00997ac5918ec6d9347df143b77152a7.jpg,1,0,0
IMG_20240905_161835_975_jpg.rf.6fb0945f13947acfb8a1aa1a7df395f3.jpg,1,0,0
101_png.rf.6dad34c4de6af2d2ca56bbbd53b7fabf.jpg,0,0,1
1725344041601_jpg.rf.3b4f21bdeb54f13caca19d34fcfa1cf2.jpg,1,0,0
IMG20240917104411_00_jpg.rf.e429b0b7a5605afc3041e77bd2e4b4e5.jpg,1,0,0
IMG20240909203215_00_jpg.rf.b15dc6019f4ed15140fb0b3008bd1128.jpg,0,1,0
IMG_20240902_142538_711_jpg.rf.2feeaef0660b758bb05509d69c160edc.jpg,0,1,0
1725422158849_jpg.rf.b5e47ba6900f0789c9ab07281dbc1935.jpg,1,0,0
104_png.rf.989003bb4287d16175be4e1095e22082.jpg,0,0,1
2_jpg.rf.7fcc40e20da4f181870128a756da248b.jpg,0,0,1
100_png.rf.f09d9c32d1182aee91f6bd6e7939861a.jpg,0,0,1
IMG_74_jpg.rf.4df3d8ff58fbba0375c259256e2cc003.jpg,0,0,1
1725524193326_jpg.rf.c9588c7838bb0d0a92af65ab2410b4b7.jpg,1,0,0
IMG20240917104854_00_jpg.rf.26efb1e2fe8a777b452c8c7a86c24f76.jpg,1,0,0
IMG_75_jpg.rf.ffea6f88deb279dfdcd1a8b9953da346.jpg,0,0,1
107_png.rf.eed582475bdf177b0e795557346b7d1b.jpg,0,0,1
IMG_20240904_090605_jpg.rf.0250dc45b785e1613c9604518e7cecf6.jpg,0,1,0
IMG_20240905_131147_jpg.rf.c3a82a4be0c01f1aa3e7a89d6631138c.jpg,0,1,0
IMG_20240905_131012_jpg.rf.473deaff887ce9fb1d0d2b4254d831e6.jpg,0,1,0
IMG_20240902_143447_198_jpg.rf.152c546ddfce7857699ac591d7dc5f38.jpg,0,1,0
1725344092731_jpg.rf.60f35c374fb713d9e0e6ed4bbedc8815.jpg,1,0,0
1725424684661_jpg.rf.f1107078d10f5f193c3795266e8b6bad.jpg,1,0,0
WIN_20230323_15_01_44_Pro_jpg.rf.d8540bf0f72901b5140c2f1bd4532b16.jpg,0,0,1
1725344716106_jpg.rf.007cbda369dcaa60eda967c3ca21bfe3.jpg,1,0,0
1725328345953_jpg.rf.ade650f37bf473ed811ed4dcedf29b8f.jpg,1,0,0
IMG_20240905_161842_813_jpg.rf.ae96dc2d92aa63c26b5f5a0437a6b4b2.jpg,1,0,0
WIN_20230323_15_00_45_Pro_jpg.rf.51ad30d1d7ec0c6f1c418e73c27da704.jpg,0,0,1
1725524203172_jpg.rf.be10f83cbeed4af4828c6ae263809603.jpg,1,0,0
IMG_20240904_090628_jpg.rf.cf3b01cc66d4a4a95e47ecfce7e93591.jpg,0,1,0
IMG_20240904_084604_jpg.rf.28fa320589668bd3d482841c73e93fc8.jpg,0,1,0
1725329230747_jpg.rf.42c622b1aa711f1f90ddb44f6f7ad9c7.jpg,1,0,0
IMG_20240902_143440_686_jpg.rf.3b5b03a9de7fab92dcb61f0c64dc56b3.jpg,0,1,0
IMG_20240904_112325_522_jpg.rf.198dbb86749e95aa663a96c5f7edbd3e.jpg,1,0,0
IMG_20240904_084530_jpg.rf.82d6bf6d52cb17f6bb5ddb6fefc40207.jpg,0,1,0
IMG_20240904_090937_jpg.rf.fd29f9ddae3dd2719485c48c3aac5871.jpg,0,1,0
97_png.rf.131a4a3b62dfb5d16c58b1f7245a9e4f.jpg,0,0,1
IMG_20240905_130615_jpg.rf.5a50f80c1c1c550fdf7d58e60d3e1366.jpg,0,1,0
IMG_20240904_115958_072-3_jpg.rf.81334310230c16520a13742c1ea0ff67.jpg,1,0,0
IMG_20240904_090634_jpg.rf.8ef1369e91ba71a6ead6d27cb17b0abc.jpg,0,1,0
IMG20240917102956_00_jpg.rf.39752430c759d7881abc224d537a060a.jpg,1,0,0
IMG20240917103330_00_jpg.rf.8b52ecbe5c0d395d3152899eaf84455e.jpg,1,0,0
IMG_20240902_143415_212_jpg.rf.821f7ea9e75799aac9ed61229b6d4c6f.jpg,0,1,0
WIN_20230323_15_01_57_Pro_jpg.rf.5c30845a495d86bfc10be1bf09d172e7.jpg,0,0,1
IMG20240917103157_00_jpg.rf.59591a1cf773864a8a065524d77cae44.jpg,1,0,0
IMG_20240904_090643_jpg.rf.7853e7be446020fec6733e6cf573e913.jpg,0,1,0
IMG20240909203039_00_jpg.rf.9d3d842f44e8da37982fdf35365d7156.jpg,0,1,0
IMG20240909195449_00_jpg.rf.27e4af04d5ad9d51a8c5858659408853.jpg,0,1,0
Screenshot_1_png.rf.cde63b9d591e2eae9373afc1b266a7b0.jpg,0,0,1
IMG20240909205114_00_jpg.rf.e5a05093a069a3a909da6d00ab4f226e.jpg,1,0,0
IMG_20240904_090931_jpg.rf.89e09ea5580236098fb99e68eda6785a.jpg,0,1,0
IMG20240917104800_00_jpg.rf.bc3c152919fd043b930b1e3b3b026577.jpg,1,0,0
IMG_20240904_090101_jpg.rf.a96a0b71bbff32f1f541e70160fb7f9f.jpg,0,1,0
IMG_20240902_143402_618_jpg.rf.a4121542791ecdbb8efde5b83e21678b.jpg,0,1,0
96_png.rf.31d0ef27532bdf21e99e723e78ddaab3.jpg,0,0,1
IMG_20240904_090935_jpg.rf.e07aef657dc4520a11ae2de4f40e43d6.jpg,0,1,0
Screenshot_33_png.rf.bd8121fd339f908fae53f1506e4af75a.jpg,0,0,1
IMG20240909204406_00_jpg.rf.951b216346616993f4633d1f6ac629c1.jpg,1,0,0
1725328321409_jpg.rf.16703ae84789113da816f8527680a511.jpg,1,0,0
1725524169132_jpg.rf.677990741ac1ca2a9e3cd1cb1d46e30e.jpg,1,0,0
IMG_20240902_143425_390_jpg.rf.7b4a663315938e9f7ee66a4beb4b145c.jpg,0,1,0
98_png.rf.e92294ff589c8d59ed36e5d43bdfb336.jpg,0,0,1
IMG_20240904_090524_jpg.rf.225c2965ba8a67a45f471b64ab1922f1.jpg,0,1,0
1725422226126_jpg.rf.54db2e4751a6963a0e9043c22d447258.jpg,1,0,0
IMG_20240905_130648_jpg.rf.afa14e0a448074a8932236f1aea97805.jpg,0,1,0
1725524199165_jpg.rf.189b189bb3281d98c860c5547b712b0e.jpg,1,0,0
IMG_20240902_143409_134_jpg.rf.bb2e6b3d17d6f8031c31882487596e1a.jpg,0,1,0
86_png.rf.d5f05951cf992660dcb78b838db06150.jpg,0,0,1
IMG_20240902_143405_910_jpg.rf.ceb7e8a335994b00c99caa56e0a83f25.jpg,0,1,0
IMG_20240904_084406_jpg.rf.7ea968d0affbb17f7c459cadeab22873.jpg,0,1,0
IMG_20240904_090520_jpg.rf.2329025abdad7bc163beca5da2eb3439.jpg,0,1,0
IMG_20240902_143412_158_jpg.rf.efe88d821145eba5812980e9c8646db3.jpg,0,1,0
IMG_79_jpg.rf.b49f8d764e57275f6a4e037c00375dbc.jpg,0,0,1
1725329248051_jpg.rf.d244f184621d8dbe082b4fb312748b3f.jpg,1,0,0
IMG20240917103314_00_jpg.rf.56262d28af59da3eb80fb1537b2c12ae.jpg,1,0,0
IMG_20240904_084607_jpg.rf.0ab3478cfc944c49a954bce09938f3b5.jpg,0,1,0
IMG20240917104757_00_jpg.rf.1da7ecd197b085fb723a9e6da73757b6.jpg,1,0,0
1725424723364_jpg.rf.3f3a2ae8e61cf47502eb0320ae196b53.jpg,1,0,0
IMG_20240902_143358_407_jpg.rf.98b5ef5ce097b962b7647c013a99bac4.jpg,0,1,0
IMG_20240904_090550_jpg.rf.935d370fc63cdd42516f82b97bdf5ab0.jpg,0,1,0
94_png.rf.1e2d290ca536e245e07fd0c6517a0f3c.jpg,0,0,1
1725424929528_jpg.rf.942743e42755fdfb4e4debd62a979b1f.jpg,1,0,0
IMG20240909205040_00_jpg.rf.8e18f263e0e1df6ea0a19778373d1b45.jpg,1,0,0
IMG_20240904_090547_jpg.rf.b045fe1e7ea70e763a9aebc4e2f59034.jpg,0,1,0
IMG_20240905_130610_jpg.rf.47a622a595264d988cdb5866f60a8c75.jpg,0,1,0
IMG_20240902_142541_544_jpg.rf.9ab000bc29c98911d8f980fa4536a62a.jpg,0,1,0
88_png.rf.b78330f2091407aaf8f8c2bd068ddc85.jpg,0,0,1
95_png.rf.343f5c7384800f408bb6e2cea3efa2ca.jpg,0,0,1
Screenshot_30_png.rf.8e8a660bf4bb8ce41c884816eca57de8.jpg,0,0,1
IMG_20240905_131201_jpg.rf.5694daad6454fe23a16c4f006b776b20.jpg,0,1,0
IMG20240917090331_00_jpg.rf.f0f49a6d74e1e39f264546df430447fc.jpg,1,0,0
1725328367745_jpg.rf.fb6831ca63efa432e133785728646990.jpg,1,0,0
IMG20240917103958_00_jpg.rf.ab4ea4f6582918037a4d2a16164c7087.jpg,1,0,0
Screenshot_32_png.rf.a6e28f19a18fe6919828a11abbbcab67.jpg,0,0,1
IMG20240917104832_00_jpg.rf.e717aed0da4587faec8886a1f37bc9b7.jpg,1,0,0
IMG_20231019_161817_jpg.rf.cdc743e19f2dd1e9bd5c7c3f973e0664.jpg,0,0,1
IMG_84_jpg.rf.d8d990cd144ecb46ae567d8f1104435e.jpg,0,0,1
93_png.rf.21355946668c2af654065f2998f30af3.jpg,0,0,1
IMG_20240904_090539_jpg.rf.2504fa3dafbc96753624c40a0aeb4317.jpg,0,1,0
IMG_20240904_090556_jpg.rf.605fa803f3a3c747844c5b4cb28d02e8.jpg,0,1,0
1725524357688_jpg.rf.bacf17131d5a25c701bb55b279d7219e.jpg,1,0,0
82_png.rf.450f5c971fcfe84944b25a8b27bd3a57.jpg,0,0,1
IMG20240917101520_00_jpg.rf.cd2595a8b3c9421e9dd0b37af51fbd5a.jpg,1,0,0
IMG20240917103402_00_jpg.rf.fbe4cdc9b4392e72db108ef9b4127e7c.jpg,1,0,0
85_png.rf.3f39c0c9f8e079ae3d692be23f235630.jpg,0,0,1
IMG_20240908_075209_jpg.rf.c8233f88649875d7b382fec2e5ce00f9.jpg,0,1,0
Screenshot_29_png.rf.08eaaa4a25faa414ba52d6488ab52e33.jpg,0,0,1
87_png.rf.1531a88ea5561ea7d0b43e64fbd3da05.jpg,0,0,1
IMG20240909203601_00_jpg.rf.a9bd277e6a3177a7247b0cbb0fe7924b.jpg,0,1,0
1725344099240_jpg.rf.2f5636e7e9b0d180d66ce47cf0a294c0.jpg,1,0,0
80_png.rf.03fb199d0660cf90c7fe061097790a7d.jpg,0,0,1
IMG_20240904_090530_jpg.rf.78e8b2d0e979ecdc35fe563773365d7b.jpg,0,1,0
1725424899609_jpg.rf.0a91f9f6761371b2a48dc2c2dd43090f.jpg,1,0,0
IMG_20240905_130705_jpg.rf.3a1aed3f901dfe8cb21aeee769cd4362.jpg,0,1,0
1725422230966_jpg.rf.3398a6b4ca94a9ddd19544c1b9d718e3.jpg,1,0,0
1725328433511_jpg.rf.c326120efe3e019dec3c653eaa01425f.jpg,1,0,0
IMG_20240904_090528_jpg.rf.58298a50242b5acca6ae5c846abe3c5c.jpg,0,1,0
WIN_20230323_15_02_46_Pro_jpg.rf.f374173925184279e6e43c275cf90261.jpg,0,0,1
IMG20240917104400_00_jpg.rf.10c33340bc64fe1228e81ef35aa802b4.jpg,1,0,0
IMG20240904113135_00_jpg.rf.9ec347ea29dfe61373f3e331d5640390.jpg,0,1,0
IMG_20240905_130710_jpg.rf.8b305122f05d30c4ccdbd60a08ed6c3a.jpg,0,1,0
1725524368683_jpg.rf.9275678ddc006cfe916e838a189a0e3c.jpg,1,0,0
1725328455126_jpg.rf.62e0cc96b10592d34c22fe3ca3ce1b49.jpg,1,0,0
IMG20240909205017_00_jpg.rf.455d176c8923941658b3a79549a9d512.jpg,1,0,0
83_png.rf.1f2ec6ce34cc8fe731492a6c73cf4305.jpg,0,0,1
IMG20240909204957_00_jpg.rf.5794ae8c0da14737a84290da6d94cb65.jpg,1,0,0
1725344145898_jpg.rf.c7504f4bd980cc72796ff030c431896e.jpg,1,0,0
IMG20240917104745_00_jpg.rf.627ad3886f78018d39cadebfaff34f49.jpg,1,0,0
1725328480384_jpg.rf.8051979359896c6d23c8821008ab7691.jpg,1,0,0
1725422235638_jpg.rf.89b749dcec06155a6af778162f37026a.jpg,1,0,0
IMG20240917090014_00_jpg.rf.5542257466739a953a5d13be9c59ce15.jpg,1,0,0
IMG20240909205028_00_jpg.rf.8a385ebb8e4ab42a02bd4bbe855d4b36.jpg,1,0,0
1725422994988_jpg.rf.7e9436c478ef45101ee6a11c34f81043.jpg,1,0,0
IMG_20240902_143339_749_jpg.rf.22d69d239e01a75d5a6218b0c3a54c41.jpg,0,1,0
IMG20240917104738_00_jpg.rf.5462683a72bc23877d050bd2506aff9e.jpg,1,0,0
IMG_20240902_143310_593_jpg.rf.05d910bd507960f7cd7d6895e0ad49e2.jpg,0,1,0
1725328391945_jpg.rf.9563a4d55095364630b6e02da92d2e96.jpg,1,0,0
1725422952437_jpg.rf.37c0dd2c2fe08d7cc24ab6a79227cf4f.jpg,1,0,0
IMG20240917104749_00_jpg.rf.c3797084d07f23ecb79b80b90e0577a7.jpg,1,0,0
IMG_20240904_084601_jpg.rf.078a967b24d02a93ba338b0efe547666.jpg,0,1,0
4-1-_jpg.rf.553a66d1b4c3118653acc2180f4eeae0.jpg,0,0,1
IMG_20240904_090132_jpg.rf.ffbbffe60b47bc2586aa9239aa7e1be9.jpg,0,1,0
IMG20240904113124_00_jpg.rf.ada3a6001df5fc5f2ab04366df192bf6.jpg,0,1,0
1725422221006_jpg.rf.ddb9066772fa307803fb98606a2444d4.jpg,1,0,0
IMG_20240902_143329_114_jpg.rf.56cff9a303d1d12e9c7f1151f079fc28.jpg,0,1,0
IMG_20240904_084556_jpg.rf.f4379014249560afda2951020156849b.jpg,0,1,0
IMG20240909202917_00_jpg.rf.014863d7fc6b339c86f638d727c6a0b3.jpg,0,1,0
IMG20240917104005_00_jpg.rf.b1e5246b0551bd84668a2d81318c398f.jpg,1,0,0
IMG_20240908_075148_jpg.rf.3fe2f664ea758327804789feca475834.jpg,0,1,0
1725423000112_jpg.rf.b8130b53a962d3af1d10073ac246ea95.jpg,1,0,0
Screenshot_26_png.rf.6ab6e242a0bf291af0045bcfbc76c110.jpg,0,0,1
IMG20240917104735_00_jpg.rf.a4f628bc63ccbfb58ab2ffcd7eb376dc.jpg,1,0,0
81_png.rf.30e6efb9afdf36e149d2a71837024182.jpg,0,0,1
IMG20240917103337_00_jpg.rf.6fd591597ab002780802d786a6d69148.jpg,1,0,0
IMG_20240908_075120_jpg.rf.b734f4bca6ff08523c51686972239fa6.jpg,0,1,0
Screenshot_28_png.rf.ad3113add14ebc0295521ae6353b55b8.jpg,0,0,1
IMG_20240902_143251_481_jpg.rf.df287996a7fdfbf11fcb3625037b17d6.jpg,0,1,0
1725422985253_jpg.rf.64151cd835b94818059aa114acef6e08.jpg,1,0,0
1725344159789_jpg.rf.a46bd5a9467ce5a15279286b49d97876.jpg,1,0,0
IMG20240909205011_00_jpg.rf.2251d37d7ad42b907da6c046f78c3820.jpg,1,0,0
74_png.rf.1e179298447f6ceb0fe7a7fcb8b3089f.jpg,0,0,1
75_png.rf.2a61cd199c3c663bfbdcdabc5a42ba0f.jpg,0,0,1
IMG_20240902_143243_926_jpg.rf.9e566ebb876da672da0143cceab50bfb.jpg,0,1,0
IMG_20240905_131319_jpg.rf.913f5d73b5d2dd4c40c7a1f0b83c018e.jpg,0,1,0
1725524392011_jpg.rf.90dc4da362a4f1248f86d5156ee18f39.jpg,1,0,0
1725424938036_jpg.rf.a1b2495f1ea3f11d3a59a043ef48b641.jpg,1,0,0
IMG_20240902_143240_134_jpg.rf.ff98bee3d4a5157b210468689d8035ad.jpg,0,1,0
1725426664462_jpg.rf.9d659164a30f551bf985f7353df1f9b7.jpg,1,0,0
Screenshot_27_png.rf.2ed0aabaa013496cb088ca50b9d18a23.jpg,0,0,1
77_png.rf.1df0f9c59511d7d8ad778daaa1d8e37c.jpg,0,0,1
1725524398493_jpg.rf.a80d4d948ac886a8c3857fcb424d0846.jpg,1,0,0
IMG20240904113100_00_jpg.rf.83fdb981ef8f3c79f527bdeb42c6afe6.jpg,0,1,0
IMG_20240904_084617_jpg.rf.f2a6266dbf58e3900d6579d7c27a85fc.jpg,0,1,0
IMG_20240904_090448_jpg.rf.9f7abf7169a7dcae5e20f253e529c0ff.jpg,0,1,0
IMG_20240904_112038_330-2_jpg.rf.7555c3b18efcceef91d3aa062997d190.jpg,1,0,0
1725424933751_jpg.rf.7094fd2205075b803997dfd307aefa4f.jpg,1,0,0
78_png.rf.4f0ab117e8e4e70ae1146283cf86d21b.jpg,0,0,1
IMG_20240902_143221_810_jpg.rf.f89a85a8c8e00fce1163bb3ec12a372e.jpg,0,1,0
1725344247189_jpg.rf.e4ecf8efe6c936778a25531998e2b013.jpg,1,0,0
IMG_20240904_111632_490_jpg.rf.f8f964c9a7eef99d3cf09d946430adde.jpg,1,0,0
IMG20240917104726_00_jpg.rf.4797336a06a181085714cde4f25282b9.jpg,1,0,0
1725426642632_jpg.rf.42b7cbc58494b15b08a483605e34378e.jpg,1,0,0
IMG_20240904_090136_jpg.rf.95dfd80fb7ed4f4f74a73623a4adfe56.jpg,0,1,0
IMG_20240904_090249_jpg.rf.b681f6afc038f6badb741ab187bc6a6a.jpg,0,1,0
4_jpg.rf.4ee060ac1fe5ee8e363d47121ac8b507.jpg,0,0,1
1725328564110_jpg.rf.a590897e2e5444b497bcedf9dbac836f.jpg,1,0,0
73_png.rf.779d4e3db6dfbabed87696db3fc9dc50.jpg,0,0,1
IMG20240909204925_00_jpg.rf.958537269f3c5cdc4a4241314a33735d.jpg,1,0,0
IMG20240917090411_00_jpg.rf.b92cc79266923f498fd436b3cb167762.jpg,1,0,0
76_png.rf.fd77eb5c6decfdf29a1ecf91cff366a3.jpg,0,0,1
1725424962656_jpg.rf.21483a6eba4a1306c2273f67a5941ba7.jpg,1,0,0
IMG_20240904_090436_jpg.rf.307a39cb33e544a75313f3326ccd7b5f.jpg,0,1,0
IMG_20240902_143135_290_jpg.rf.c7da87c7c7329529b05a945f013b9b1e.jpg,0,1,0
1725524414164_jpg.rf.975b05c0c3b18caddf3c436df91c203c.jpg,1,0,0
IMG_20240905_130555_jpg.rf.720b62d0cf97e1bef48ad7beb09be640.jpg,0,1,0
5-1-_jpg.rf.1ea84485a7a2e9c8ea692ba143d465d1.jpg,0,0,1
IMG_20240904_091139_jpg.rf.1921422b378e7162451a2471c8d15c41.jpg,0,1,0
IMG_20240905_130509_jpg.rf.6725dc855646bc5d6fa6470908b4f282.jpg,0,1,0
IMG_20240905_161319_159_jpg.rf.8abe1a9a574e4d4cf7bfb5eb27f85e2a.jpg,1,0,0
1725524402995_jpg.rf.7ccde4995052dedb25ad12160e6c3419.jpg,1,0,0
IMG_20240908_075127_jpg.rf.862256f8a24d07a540499d323f851e90.jpg,0,1,0
1725423026817_jpg.rf.c34f986147fd2f5d86a4532becf0c5a6.jpg,1,0,0
1725344254752_jpg.rf.73d8a93aa68335c3ade2057479d37bd5.jpg,1,0,0
IMG_20240905_130701_jpg.rf.af0fe165d58a00eddd4e2968ec554a44.jpg,0,1,0
1725423040071_jpg.rf.96b3fa24e81ff8d3ca8f4cda894b16bd.jpg,1,0,0
IMG_20240908_075143_jpg.rf.dbf2a5f2a10b869db29aa6919b53fd9b.jpg,0,1,0
1725328590427_jpg.rf.718b81941b5fa583fffe90a852322a6e.jpg,1,0,0
IMG20240917090221_00_jpg.rf.0ff145aca683cb5e24a955c37ca44c50.jpg,1,0,0
IMG_20240905_131314_jpg.rf.52b50b29b35d35f8613ba4507c0fe64b.jpg,0,1,0
1725424966824_jpg.rf.747d76d685441be81e23614dbf7cb8ce.jpg,1,0,0
1725344296743_jpg.rf.9ca8e41f147822f3d588e0648a78d222.jpg,1,0,0
IMG_20240904_090443_jpg.rf.38298bad4acb89fc8cc796562d0ee90d.jpg,0,1,0
IMG_20240904_112032_435-2_jpg.rf.7b24a55faa268569d85457e06d9c3516.jpg,1,0,0
IMG_20240904_090305_jpg.rf.c32a28218695fa04ac1f81fe4ffb4e24.jpg,0,1,0
IMG_20240902_143155_885_jpg.rf.1c468f972f1a92c8b0459249bb6eedcb.jpg,0,1,0
IMG_20240904_112028_778_jpg.rf.10fa9d5ebdbc58bb7bad126bac1a7297.jpg,1,0,0
72_png.rf.33c146478278d7f237264d3ed9f8dada.jpg,0,0,1
IMG_20240902_143151_740_jpg.rf.8af3a68603cb1ae1f2e7cf4367a59bbf.jpg,0,1,0
IMG_20240902_143138_543_jpg.rf.a104f0a49a44851e5988f7e69fe93c4a.jpg,0,1,0
1725328697320_jpg.rf.03e162442cdaeda7d59513f028baaa1a.jpg,1,0,0
1725328609245_jpg.rf.934581db56ecab2723bda1b6b29346e2.jpg,1,0,0
IMG20240909204939_00_jpg.rf.5cdcaf6c2254871cb24f5dad00243e19.jpg,1,0,0
71_png.rf.cbb0fc11e72775fdaf22c4893abd8d46.jpg,0,0,1
IMG_20240908_075206_jpg.rf.9f07cdc120b11a78716376651110f5dd.jpg,0,1,0
IMG_20240905_130517_jpg.rf.8c95abbafef8b9f285889f28254a4239.jpg,0,1,0
1725423030566_jpg.rf.be423ad183969334d8f47302526d40a2.jpg,1,0,0
1725423044078_jpg.rf.89ac995e527b7f355173151861e1d34d.jpg,1,0,0
IMG_20240904_112038_330_jpg.rf.93a5c5687a763f436660a2289b19cf80.jpg,1,0,0
IMG_20240905_131059_jpg.rf.93a50aaf3d550360fab68580073f7148.jpg,0,1,0
IMG20240917104613_00_jpg.rf.5d789e0a76ac8598015ba3a0cc343e8a.jpg,1,0,0
IMG_20240908_075203_jpg.rf.a4852776d6819604eecebc750c8e752e.jpg,0,1,0
IMG20240909204916_00_jpg.rf.01e8f544465314fe4a062ffd22c162bd.jpg,1,0,0
1725344286192_jpg.rf.d01a3225c15c3f035f6ff091a2634d1d.jpg,1,0,0
IMG20240917103908_00_jpg.rf.3355638a9c88c5341a973a8af47e40e6.jpg,1,0,0
1725424974623_jpg.rf.d00d16694e621ba4ac332da9b5b7570a.jpg,1,0,0
1725344291606_jpg.rf.a72785bf58e6c9c94e5c721f5f30674c.jpg,1,0,0
1725328654992_jpg.rf.129fd52c447fe61ed80f6602d052f4ce.jpg,1,0,0
IMG_20240902_143131_800_jpg.rf.ac869510580afc1a2ea82d793bb9e409.jpg,0,1,0
IMG_20240902_143128_322_jpg.rf.a47831935d2f590790b8da772d8fd1a5.jpg,0,1,0